x_m,avanco_min,recessao_min,oportunidade_min,infiltracao_m
0.0,0.0,214.70148443458754,214.70148443458754,0.06727181387870985
0.2,0.003990504156134323,214.73608887904888,214.73209837489276,0.06727810688551225
0.4,0.010235743329428603,214.77069332351022,214.7604575801808,0.06728393621137492
0.6,0.01775916915250787,214.80529776797155,214.78753859881905,0.06728950262484434
0.8,0.02625493857584032,214.8399022124329,214.81364727385704,0.06729486901261406
1.0,0.0355556884645533,214.87450665689423,214.83895096842969,0.06730006979104518
1.2,0.04555271466377038,214.90911110135556,214.8635583866918,0.06730512731605222
1.4,0.0561685405021107,214.9437155458169,214.8875470053148,0.06731005752277273
1.6,0.06734457649395048,214.97831999027824,214.91097541378429,0.06731487246270557
1.8,0.07903464741480422,215.01292443473957,214.93388978732477,0.06731958163457236
2.0,0.09120123342431184,215.0475288792009,214.9563276457766,0.067324192757183
2.2,0.10381312180591708,215.08213332366228,214.97832020185635,0.06732871225227793
2.4,0.11684385656892357,215.1167377681236,214.9998939115547,0.06733314556332587
2.6,0.13027066941433182,215.15134221258495,215.02107154317062,0.06733749737534862
2.8,0.14407371632088772,215.1859466570463,215.0418729407254,0.0673417717719059
3.0,0.15823551638336397,215.22055110150762,215.06231558512425,0.06734597235049336
3.2,0.17274052917887622,215.25515554596896,215.0824150167901,0.06735010230945618
3.4,0.18757482980757675,215.2897599904303,215.10218516062272,0.06735416451481781
3.6,0.20272585453300132,215.32436443489163,215.12163858035862,0.06735816155259142
3.8,0.21818219856060603,215.35896887935297,215.14078668079236,0.06736209577036972
4.0,0.23393345305092278,215.3935733238143,215.15963987076339,0.06736596931084654
4.2,0.24997007215067704,215.42817776827565,215.17820769612496,0.06736978413916542
4.4,0.26628326333117763,215.46278221273698,215.1964989494058,0.067373542065475
4.6,0.28286489606367166,215.49738665719832,215.21452176113465,0.06737724476371335
4.8,0.29970742509353604,215.53199110165966,215.2322836765661,0.06738089378739004
5.0,0.31680382546275293,215.566595546121,215.24979172065824,0.06738449058295186
5.2,0.3341475370795383,215.60119999058233,215.2670524535028,0.06738803650118515
5.4,0.3517324171159392,215.63580443504367,215.28407201792774,0.06739153280700805
5.6,0.3695526988765466,215.670408879505,215.30085618062844,0.06739498068793187
5.8,0.3876029560571118,215.70501332396634,215.31741036790922,0.06739838126141391
6.0,0.4058780715238502,215.7396177684277,215.33373969690385,0.06740173558128026
6.2,0.4243732099089143,215.77422221288904,215.34984900298014,0.06740504464336386
6.4,0.44308379344665766,215.80882665735038,215.36574286390373,0.06740830939047585
6.6,0.4620054805774587,215.84343110181172,215.38142562123426,0.06741153071680776
6.8,0.48113414692731915,215.87803554627305,215.39690139934572,0.06741470947184483
7.0,0.50046586833688,215.9126399907344,215.41217412239752,0.06741784646385789
7.2,0.5199969056664313,215.94724443519573,215.4272475295293,0.06742094246302985
7.4,0.5397236911465979,215.98184887965706,215.44212518851046,0.06742399820426426
7.6,0.5596428160797078,216.0164533241184,215.4568105080387,0.06742701438971599
7.8,0.579751019725959,216.05105776857974,215.47130674885378,0.0674299916910781
8.0,0.6000451792326318,216.08566221304108,215.48561703380844,0.06743293075165435
8.2,0.6205223004846891,216.1202666575024,215.49974435701773,0.06743583218824192
8.4,0.6411795097719363,216.15487110196375,215.5136915921918,0.06743869659284618
8.6,0.6620140461820585,216.1894755464251,215.52746150024302,0.06744152453424629
8.8,0.6830232546408194,216.22407999088642,215.5410567362456,0.0674443165594274
9.0,0.7042045795308275,216.25868443534776,215.55447985581694,0.0674470731948941
9.2,0.7255555588289391,216.2932888798091,215.56773332098015,0.06744979494787685
9.4,0.7470738187097247,216.32789332427043,215.5808195055607,0.06745248230744277
9.6,0.7687570685687872,216.36249776873177,215.59374070016298,0.06745513574551994
9.8,0.7906030964251562,216.3971022131931,215.60649911676796,0.06745775571784364
10.0,0.8126097646667092,216.43170665765444,215.61909689298773,0.06746034266483214
10.2,0.8347750061066469,216.4663111021158,215.63153609600917,0.06746289701239841
10.4,0.8570968203226081,216.50091554657715,215.64381872625455,0.06746541917270366
10.6,0.8795732702530936,216.53551999103848,215.65594672078538,0.06746790954485798
10.8,0.9022024790285891,216.57012443549982,215.66792195647122,0.06747036851557263
11.0,0.9249826270171324,216.60472887996116,215.67974625294403,0.06747279645976825
11.2,0.9479119490661728,216.6393333244225,215.69142137535633,0.06747519374114264
11.4,0.9709887319243868,216.67393776888383,215.70294903695944,0.06747756071270151
11.6,0.9942113118287516,216.70854221334517,215.7143309015164,0.06747989771725528
11.8,1.0175780722436092,216.7431466578065,215.72556858556288,0.06748220508788448
12.0,1.041087441739718,216.77775110226784,215.73666366052814,0.06748448314837648
12.2,1.0647378920024355,216.81235554672918,215.74761765472675,0.06748673221363552
12.4,1.0885279359591675,216.84695999119052,215.75843205523134,0.06748895259006828
12.6,1.112456126017136,216.88156443565185,215.76910830963473,0.06749114457594675
12.8,1.136521052403306,216.9161688801132,215.77964782770988,0.06749330846174995
13.0,1.160721341599044,216.95077332457453,215.79005198297548,0.06749544453048634
13.2,1.1850556548627234,216.98537776903586,215.80032211417313,0.06749755305799791
13.4,1.2095226868340716,217.0199822134972,215.81045952666312,0.06749963431324772
13.6,1.2341211642145844,217.05458665795854,215.82046549374397,0.06750168855859148
13.8,1.2588498445187963,217.08919110241987,215.83034125790107,0.06750371605003479
14.0,1.28370751489163,217.12379554688124,215.8400880319896,0.06750571703747664
14.2,1.3086929909874307,217.15839999134258,215.84970700035515,0.06750769176494026
14.4,1.3338051159066446,217.1930044358039,215.85919931989727,0.06750964047079208
14.6,1.359042759186408,217.22760888026525,215.86856612107886,0.06751156338794967
14.8,1.384404815841624,217.2622133247266,215.87780850888495,0.06751346074407917
15.0,1.409890205453335,217.29681776918792,215.8869275637346,0.06751533276178305
15.2,1.4354978713014743,217.33142221364926,215.8959243423478,0.06751717965877875
15.4,1.4612267795392637,217.3660266581106,215.90479987857134,0.0675190016480687
15.6,1.4870759184067535,217.40063110257194,215.91355518416518,0.06752079893810231
15.8,1.5130442974811606,217.43523554703327,215.9221912495521,0.06752257173293036
16.0,1.5391309469618457,217.4698399914946,215.93070904453276,0.06752432023235234
16.2,1.5653349169879067,217.50444443595595,215.93910951896805,0.06752604463205694
16.4,1.591655276986523,217.53904888041728,215.94739360343075,0.06752774512375627
16.6,1.6180911150503026,217.57365332487862,215.95556220982832,0.06752942189531422
16.8,1.6446415373420011,217.60825776933996,215.96361623199795,0.067531075130869
17.0,1.6713056675251108,217.6428622138013,215.9715565462762,0.06753270501095045
17.2,1.6980826462188887,217.67746665826263,215.97938401204374,0.06753431171259228
17.4,1.7249716304765126,217.71207110272397,215.98709947224745,0.06753589540943968
17.6,1.7519717932851215,217.7466755471853,215.99470375390018,0.06753745627185215
17.8,1.7790823230865884,217.78127999164664,216.00219766856006,0.06753899446700241
18.0,1.8063024233179408,217.81588443610798,216.00958201279005,0.06754051015897093
18.2,1.833631311970414,217.85048888056934,216.01685756859894,0.06754200350883688
18.4,1.8610682211661806,217.88509332503068,216.0240251038645,0.06754347467476524
18.6,1.888612396751869,217.91969776949202,216.03108537274014,0.06754492381209065
18.8,1.9162630979080277,217.95430221395335,216.03803911604533,0.06754635107339785
19.0,1.9440195967737492,217.9889066584147,216.04488706164094,0.06754775660859891
19.2,1.9718811780857048,218.02351110287603,216.05162992479032,0.06754914056500776
19.4,1.999847138830902,218.05811554733737,216.05826840850645,0.06755050308741167
19.6,2.0279167879124986,218.0927199917987,216.0648032038862,0.06755184431814013
19.8,2.0560894458280567,218.12732443626004,216.07123499043198,0.06755316439713108
20.0,2.0843644443596556,218.16192888072138,216.0775644363617,0.06755446346199487
20.2,2.112741126275305,218.1965333251827,216.08379219890742,0.06755574164807573
20.4,2.1412188450411467,218.23113776964405,216.0899189246029,0.06755699908851105
20.6,2.169796964543944,218.2657422141054,216.09594524956145,0.06755823591428867
20.8,2.1984748588234018,218.30034665856672,216.10187179974332,0.0675594522543019
21.0,2.227251911813874,218.33495110302806,216.10769919121418,0.0675606482354029
21.2,2.2561275170950497,218.3695555474894,216.11342803039435,0.06756182398245396
21.4,2.285101077651204,218.40415999195073,216.11905891429953,0.06756297961837712
21.6,2.3141720056386736,218.43876443641207,216.1245924307734,0.06756411526420215
21.8,2.3433397221611685,218.4733688808734,216.13002915871223,0.06756523103911283
22.0,2.3726036570526166,218.50797332533477,216.13536966828215,0.06756632706049166
22.2,2.4019632486671956,218.5425777697961,216.14061452112892,0.06756740344396324
22.4,2.431417943676275,218.57718221425745,216.14576427058117,0.06756846030343601
22.6,2.460967196871964,218.61178665871878,216.15081946184682,0.06756949775114283
22.8,2.4906104709769994,218.64639110318012,216.15578063220312,0.06757051589768012
23.0,2.52034723646072,218.68099554764146,216.16064831118075,0.0675715148520458
23.2,2.5501769713608726,218.7155999921028,216.1654230207419,0.067572494721676
23.4,2.580099161111026,218.75020443656413,216.1701052754531,0.06757345561248071
23.6,2.610113298373355,218.78480888102547,216.1746955826521,0.06757439762887818
23.8,2.640218882876601,218.8194133254868,216.1791944426102,0.06757532087382834
24.0,2.670415421258995,218.85401776994814,216.18360234868913,0.06757622544886516
24.2,2.700702426915955,218.88862221440948,216.1879197874935,0.06757711145412812
24.4,2.7310794198523705,218.92322665887082,216.19214723901845,0.06757797898839257
24.6,2.761545926539306,218.95783110333215,216.19628517679286,0.06757882814909935
24.8,2.7921014797749506,218.9924355477935,216.20033406801855,0.06757965903238337
25.0,2.822745618549658,219.02703999225483,216.20429437370518,0.06758047173310155
25.2,2.853477887914922,219.06164443671616,216.20816654880124,0.06758126634485973
25.4,2.884297838856145,219.0962488811775,216.21195104232135,0.06758204296003895
25.6,2.9152050281690616,219.13085332563884,216.21564829746978,0.06758280166982092
25.8,2.9461990183396742,219.16545777010018,216.2192587517605,0.06758354256421277
26.0,2.9772793774275965,219.2000622145615,216.2227828371339,0.06758426573207112
26.2,3.0084456789526537,219.23466665902288,216.22622098007022,0.06758497126112543
26.4,3.0396975017846497,219.26927110348421,216.22957360169957,0.06758565923800078
26.6,3.0710344300361756,219.30387554794555,216.23284111790937,0.06758632974823992
26.8,3.102456052958356,219.3384799924069,216.23602393944853,0.06758698287632478
27.0,3.133961964839433,219.37308443686823,216.23912247202878,0.0675876187056974
27.2,3.16555176490609,219.40768888132956,216.24213711642346,0.06758823731878029
27.4,3.197225057227417,219.4422933257909,216.24506826856347,0.06758883879699618
27.6,3.228981450621443,219.47689777025224,216.2479163196308,0.06758942322078736
27.8,3.260820558564116,219.51150221471357,216.25068165614945,0.06758999066963436
28.0,3.2927419991006968,219.5461066591749,216.25336466007423,0.06759054122207439
28.2,3.32474539475944,219.58071110363625,216.2559657088768,0.0675910749557189
28.4,3.3568303724675186,219.61531554809758,216.25848517563006,0.06759159194727113
28.6,3.3889965634691,219.64991999255892,216.26092342908981,0.06759209227254293
28.8,3.421243603245512,219.68452443702026,216.26328083377476,0.06759257600647117
29.0,3.453571131437437,219.7191288814816,216.26555775004417,0.06759304322313389
29.2,3.485978791769055,219.75373332594293,216.2677545341739,0.06759349399576586
29.4,3.51846623197408,219.78833777040427,216.26987153843018,0.06759392839677389
29.6,3.551033103723637,219.8229422148656,216.27190911114198,0.06759434649775167
29.8,3.5836790625559076,219.85754665932694,216.27386759677103,0.0675947483694943
30.0,3.6164037678075105,219.8921511037883,216.2757473359808,0.06759513408201247
30.2,3.6492068825465305,219.92675554824964,216.2775486657031,0.06759550370454614
30.4,3.68208807350718,219.96135999271098,216.2792719192038,0.06759585730557825
30.6,3.715047011026021,219.99596443717232,216.2809174261463,0.06759619495284766
30.8,3.748083368979708,220.03056888163366,216.28248551265395,0.06759651671336211
31.0,3.781196824724203,220.065173326095,216.2839765013708,0.06759682265341074
31.2,3.814387059035425,220.09977777055633,216.2853907115209,0.06759711283857628
31.4,3.8476537560512774,220.13438221501767,216.2867284589664,0.06759738733374707
31.6,3.8809966032150323,220.168986659479,216.28799005626396,0.06759764620312872
31.8,3.9144152912200125,220.20359110394034,216.28917581272032,0.06759788951025553
32.0,3.947909513955546,220.23819554840168,216.29028603444613,0.06759811731800157
32.2,3.9814789684541494,220.272799992863,216.29132102440886,0.06759832968859172
32.4,4.015123354839909,220.30740443732435,216.29228108248444,0.06759852668361219
32.6,4.048842376278025,220.3420088817857,216.29316650550766,0.06759870836402097
32.8,4.082635738925477,220.37661332624702,216.29397758732154,0.06759887479015803
33.0,4.1165031518827995,220.41121777070836,216.29471461882557,0.06759902602175522
33.2,4.150444327146899,220.4458222151697,216.2953778880228,0.06759916211794606
33.4,4.184458979564939,220.48042665963104,216.2959676800661,0.06759928313727524
33.6,4.218546826789207,220.51503110409237,216.29648427730316,0.0675993891377079
33.8,4.252707589232963,220.5496355485537,216.29692795932075,0.06759948017663879
34.0,4.28694099002726,220.58423999301505,216.29729900298778,0.06759955631090112
34.2,4.321246754978661,220.6188444374764,216.29759768249775,0.06759961759677534
34.4,4.355624612527881,220.65344888193775,216.29782426940986,0.06759966408999762
34.6,4.3900742937093,220.68805332639909,216.2979790326898,0.06759969584576829
34.8,4.4245955321113115,220.72265777086042,216.2980622387491,0.06759971291875991
35.0,4.4591880638375345,220.75726221532176,216.29807415148423,0.06759971536312534
35.2,4.493851627468803,220.7918666597831,216.29801503231428,0.06759970323250561
35.4,4.528585964025953,220.82647110424443,216.29788514021848,0.06759967658003753
35.6,4.5633908169333885,220.86107554870577,216.2976847317724,0.06759963545836124
35.8,4.598265931983368,220.8956799931671,216.29741406118373,0.06759957991962762
36.0,4.633211057301048,220.93028443762844,216.2970733803274,0.0675995100155054
36.2,4.6682259433102065,220.96488888208978,216.29666293877958,0.06759942579718836
36.4,4.7033103426996705,220.99949332655112,216.29618298385145,0.06759932731540216
36.6,4.738464010390426,221.03409777101245,216.29563376062202,0.0675992146204112
36.8,4.773686703503353,221.0687022154738,216.29501551197043,0.06759908776202518
37.0,4.808978181327637,221.10330665993513,216.2943284786075,0.06759894678960576
37.2,4.844338205289769,221.13791110439647,216.2935728991067,0.06759879175207284
37.4,4.879766538923173,221.1725155488578,216.29274900993462,0.06759862269791087
37.6,4.915262947838426,221.20711999331914,216.29185704548073,0.067598439675175
37.8,4.950827199694041,221.24172443778048,216.29089723808644,0.0675982427314971
38.0,4.986459064167828,221.27632888224184,216.289869818074,0.06759803191409171
38.2,5.022158312928793,221.31093332670318,216.2887750137744,0.06759780726976175
38.4,5.0579247196095825,221.34553777116452,216.28761305155493,0.06759756884490432
38.6,5.093758059779447,221.38014221562585,216.2863841558464,0.06759731668551622
38.8,5.129658110917715,221.4147466600872,216.28508854916947,0.06759705083719937
39.0,5.1656246523877645,221.44935110454853,216.28372645216075,0.06759677134516631
39.2,5.201657465411479,221.48395554900986,216.2822980835984,0.0675964782542454
39.4,5.237756333044189,221.5185599934712,216.280803660427,0.06759617160888598
39.6,5.273921040150064,221.55316443793254,216.27924339778247,0.06759585145316344
39.8,5.3101513733779635,221.58776888239387,216.2776175090159,0.0675955178307843
40.0,5.3464471211377305,221.6223733268552,216.27592620571747,0.06759517078509097
40.2,5.382808073576917,221.65697777131655,216.27416969773964,0.0675948103590667
40.4,5.419234022557926,221.69158221577788,216.27234819321995,0.06759443659534015
40.6,5.455724761635581,221.72618666023922,216.27046189860363,0.06759404953619012
40.8,5.492280086035074,221.76079110470056,216.2685110186655,0.06759364922355007
41.0,5.528899792630332,221.7953955491619,216.26649575653155,0.0675932356990126
41.2,5.565583679922754,221.82999999362323,216.26441631370048,0.0675928090038338
41.4,5.602331548020321,221.86460443808457,216.26227289006425,0.06759236917893766
41.6,5.639143198617096,221.8992088825459,216.26006568392881,0.06759191626492014
41.8,5.676018434973046,221.93381332700724,216.25779489203418,0.06759145030205349
42.0,5.712957061894257,221.96841777146858,216.25546070957432,0.0675909713302903
42.2,5.749958885713462,222.00302221592995,216.2530633302165,0.06759047938926742
42.4,5.787023714270913,222.03762666039128,216.25060294612038,0.06758997451831003
42.6,5.824151356895597,222.07223110485262,216.24807974795704,0.06758945675643549
42.8,5.861341624386749,222.10683554931396,216.24549392492722,0.06758892614235712
43.0,5.898594328995695,222.1414399937753,216.2428456647796,0.06758838271448794
43.2,5.935909284408006,222.17604443823663,216.24013515382862,0.06758782651094446
43.4,5.973286305725935,222.21064888269797,216.23736257697203,0.06758725756955015
43.6,6.010725209451174,222.2452533271593,216.23452811770812,0.06758667592783914
43.8,6.04822581346787,222.27985777162064,216.23163195815278,0.06758608162305962
44.0,6.085787937025961,222.31446221608198,216.228674279056,0.06758547469217738
44.2,6.12341140072474,222.34906666054331,216.22565525981858,0.06758485517187911
44.4,6.16109602649674,222.38367110500465,216.2225750785079,0.06758422309857579
44.6,6.198841637591844,222.418275549466,216.21943391187415,0.06758357850840596
44.8,6.236648058561681,222.45287999392733,216.21623193536564,0.0675829214372389
45.0,6.27451511524426,222.48748443838866,216.2129693231444,0.0675822519206779
45.2,6.312442634748858,222.52208888285,216.20964624810114,0.06758156999406326
45.4,6.350430445441154,222.55669332731134,216.20626288187017,0.06758087569247542
45.6,6.388478376928605,222.59129777177267,216.20281939484406,0.06758016905073802
45.8,6.426586260046034,222.625902216234,216.19931595618797,0.06757945010342083
46.0,6.464753926841484,222.66050666069538,216.19575273385388,0.06757871888484263
46.2,6.50298121056226,222.6951111051567,216.19212989459444,0.06757797542907415
46.4,6.541267945641215,222.72971554961805,216.18844760397684,0.06757721976994094
46.6,6.579613967683245,222.7643199940794,216.18470602639613,0.06757645194102607
46.8,6.6180191134519815,222.79892443854072,216.18090532508873,0.06757567197567291
47.0,6.656483220856722,222.83352888300206,216.17704566214533,0.06757487990698786
47.2,6.6950061289395295,222.8681333274634,216.17312719852387,0.06757407576784301
47.4,6.733587677862548,222.90273777192473,216.1691500940622,0.06757325959087869
47.6,6.772227708895523,222.93734221638607,216.16511450749056,0.06757243140850612
47.8,6.810926064403481,222.9719466608474,216.16102059644393,0.06757159125290997
48.0,6.849682587834639,223.00655110530874,216.1568685174741,0.06757073915605077
48.2,6.8884971237084605,223.04115554977008,216.15265842606163,0.06756987514966747
48.4,6.9273695176039105,223.07575999423142,216.1483904766275,0.06756899926527979
48.6,6.96629961614789,223.11036443869276,216.14406482254486,0.06756811153419065
48.8,7.005287267003831,223.1449688831541,216.13968161615026,0.06756721198748855
49.0,7.044332318860471,223.17957332761543,216.13524100875495,0.06756630065604984
49.2,7.083434621420794,223.21417777207677,216.13074315065597,0.067565377570541
49.4,7.122594025391131,223.2487822165381,216.12618819114698,0.06756444276142093
49.6,7.161810382470426,223.28338666099944,216.121576278529,0.06756349625894316
49.8,7.2010835453396576,223.31799110546078,216.11690756012112,0.06756253809315803
50.0,7.2404133676514135,223.3525955499221,216.11218218227071,0.06756156829391481
50.2,7.279799704019619,223.38719999438348,216.10740029036387,0.06756058689086389
50.4,7.3192424100094176,223.42180443884482,216.1025620288354,0.06755959391345878
50.6,7.35874134212719,223.45640888330615,216.09766754117896,0.0675585893909583
50.8,7.398296357810725,223.4910133277675,216.09271696995677,0.06755757335242844
51.0,7.437907315419529,223.52561777222883,216.0877104568093,0.06755654582674456
51.2,7.477574074225267,223.56022221669016,216.0826481424649,0.06755550684259315
51.4,7.517296494402353,223.5948266611515,216.07753016674914,0.06755445642847399
51.6,7.557074437018662,223.62943110561284,216.07235666859418,0.0675533946127019
51.8,7.596907764026379,223.66403555007417,216.0671277860478,0.06755232142340872
52.0,7.636796338252973,223.6986399945355,216.06184365628255,0.06755123688854513
52.2,7.676740023392303,223.73324443899685,216.05650441560454,0.0675501410358825
52.4,7.716738683995846,223.76784888345819,216.05111019946233,0.06754903389301475
52.6,7.7567921854640405,223.80245332791952,216.0456611424555,0.06754791548736008
52.8,7.796900394037759,223.83705777238086,216.0401573783431,0.06754678584616272
53.0,7.837063176789897,223.8716622168422,216.03459904005229,0.06754564499649472
53.2,7.877280401617067,223.90626666130353,216.02898625968646,0.06754449296525766
53.4,7.917551937231428,223.94087110576487,216.02331916853345,0.06754332977918429
53.6,7.957877653152597,223.9754755502262,216.0175978970736,0.06754215546484024
53.8,7.998257419699693,224.01007999468754,216.01182257498786,0.06754097004862569
54.0,8.038691107983501,224.0446844391489,216.0059933311654,0.0675397735567769
54.2,8.079178589898682,224.07928888361025,216.00011029371157,0.06753856601536792
54.4,8.119719738116164,224.11389332807158,215.9941735899554,0.06753734745031208
54.6,8.16031442607559,224.14849777253292,215.98818334645733,0.06753611788736362
54.8,8.200962527977865,224.18310221699426,215.98213968901638,0.06753487735211919
55.0,8.24166391877784,224.2177066614556,215.97604274267775,0.06753362587001935
55.2,8.282418474177028,224.25231110591693,215.9698926317399,0.06753236346635014
55.4,8.323226070616485,224.28691555037827,215.9636894797618,0.06753109016624442
55.6,8.364086585269757,224.3215199948396,215.95743340956986,0.06752980599468353
55.8,8.404999896035878,224.35612443930094,215.95112454326505,0.06752851097649852
56.0,8.445965881532556,224.39072888376228,215.94476300222973,0.06752720513637171
56.2,8.486984421089334,224.42533332822362,215.93834890713427,0.06752588849883802
56.4,8.528055394740926,224.45993777268495,215.93188237794402,0.06752456108828642
56.6,8.569178683220617,224.4945422171463,215.92536353392566,0.06752322292896121
56.8,8.610354167953702,224.52914666160763,215.91879249365394,0.06752187404496343
57.0,8.651581731051088,224.56375110606896,215.91216937501787,0.06752051446025219
57.2,8.692861255302912,224.5983555505303,215.90549429522738,0.06751914419864595
57.4,8.734192624172264,224.63295999499164,215.89876737081937,0.06751776328382385
57.6,8.775575721789016,224.66756443945297,215.89198871766396,0.06751637173932694
57.8,8.81701043294366,224.7021688839143,215.88515845097066,0.06751496958855953
58.0,8.858496643081315,224.73677332837565,215.87827668529434,0.06751355685479035
58.2,8.90003423829573,224.771377772837,215.8713435345413,0.06751213356115385
58.4,8.94162310532339,224.80598221729835,215.86435911197495,0.06751069973065134
58.6,8.983263131537736,224.8405866617597,215.85732353022195,0.06750925538615231
58.8,9.024954204943377,224.87519110622102,215.85023690127764,0.06750780055039549
59.0,9.066696214170438,224.90979555068236,215.84309933651193,0.0675063352459901
59.2,9.108489048468964,224.9443999951437,215.83591094667474,0.06750485949541701
59.4,9.150332597703354,224.97900443960503,215.82867184190167,0.06750337332102982
59.6,9.192226752346942,225.01360888406637,215.82138213171942,0.06750187674505609
59.8,9.234171403476552,225.0482133285277,215.81404192505116,0.06750036978959834
60.0,9.276166442767186,225.08281777298905,215.80665133022185,0.06749885247663523
60.2,9.318211762486758,225.11742221745038,215.79921045496363,0.06749732482802265
60.4,9.360307255490877,225.15202666191172,215.79171940642084,0.06749578686549475
60.6,9.402452815217709,225.18663110637306,215.78417829115534,0.06749423861066506
60.8,9.444648335682901,225.2212355508344,215.7765872151515,0.06749268008502746
61.0,9.486893711474554,225.25583999529573,215.76894628382118,0.06749111130995732
61.2,9.529188837748269,225.29044443975707,215.7612556020088,0.06748953230671242
61.4,9.571533610222238,225.3250488842184,215.75351527399616,0.0674879430964341
61.6,9.61392792517241,225.35965332867974,215.74572540350732,0.06748634370014805
61.8,9.656371679427703,225.39425777314108,215.73788609371337,0.06748473413876552
62.0,9.69886477036527,225.42886221760244,215.72999744723717,0.06748311443308419
62.2,9.741407095905835,225.46346666206378,215.72205956615795,0.06748148460378912
62.4,9.783998554509067,225.49807110652512,215.71407255201606,0.06747984467145375
62.6,9.826639045169012,225.53267555098645,215.70603650581745,0.06747819465654081
62.8,9.869328467409595,225.5672799954478,215.6979515280382,0.0674765345794033
63.0,9.912066721280144,225.60188443990913,215.68981771862897,0.06747486446028535
63.2,9.954853707350999,225.63648888437046,215.68163517701947,0.0674731843193232
63.4,9.997689326709141,225.6710933288318,215.67340400212265,0.06747149417654599
63.6,10.04057348095389,225.70569777329314,215.66512429233924,0.06746979405187684
63.8,10.083506072192655,225.74030221775448,215.65679614556183,0.0674680839651335
64.0,10.126487003036711,225.7749066622158,215.6484196591791,0.0674663639360294
64.2,10.169516176597048,225.80951110667715,215.6399949300801,0.06746463398417439
64.4,10.212593496480258,225.8441155511385,215.63152205465823,0.06746289412907572
64.6,10.25571886678446,225.87871999559982,215.62300112881536,0.06746114439013873
64.8,10.298892192095291,225.91332444006116,215.61443224796588,0.06745938478666781
65.0,10.342113377481914,225.9479288845225,215.60581550704057,0.06745761533786712
65.2,10.385382328493094,225.98253332898383,215.59715100049073,0.0674558360628415
65.4,10.42869895115332,226.01713777344517,215.58843882229186,0.0674540469805972
65.6,10.472063151958944,226.0517422179065,215.57967906594757,0.06745224811004269
65.8,10.515474837874395,226.08634666236784,215.57087182449345,0.06745043946998946
66.0,10.558933916328408,226.12095110682918,215.56201719050077,0.06744862107915281
66.2,10.602440295210304,226.15555555129055,215.55311525608025,0.06744679295615261
66.4,10.645993882866328,226.19015999575188,215.54416611288556,0.06744495511951397
66.6,10.689594588095996,226.22476444021322,215.53516985211724,0.0674431075876682
66.8,10.733242320148513,226.25936888467456,215.52612656452604,0.0674412503789533
67.0,10.776936988719203,226.2939733291359,215.5170363404167,0.06743938351161491
67.2,10.820678503945997,226.32857777359723,215.50789926965123,0.06743750700380693
67.4,10.86446677640594,226.36318221805857,215.49871544165262,0.06743562087359226
67.6,10.90830171711177,226.3977866625199,215.48948494540812,0.06743372513894348
67.8,10.9521832375085,226.43239110698124,215.48020786947274,0.06743181981774363
68.0,10.99611124947004,226.46699555144258,215.47088430197255,0.06742990492778683
68.2,11.04008566529587,226.50159999590392,215.46151433060805,0.067427980486779
68.4,11.084106397707751,226.53620444036525,215.4520980426575,0.06742604651233858
68.6,11.128173359846452,226.5708088848266,215.44263552498015,0.06742410302199714
68.8,11.172286465268526,226.60541332928793,215.4331268640194,0.06742215003320007
69.0,11.216445627943116,226.64001777374926,215.42357214580613,0.06742018756330725
69.2,11.260650762248796,226.6746222182106,215.4139714559618,0.06741821562959373
69.4,11.304901782970429,226.70922666267194,215.4043248797015,0.06741623424925029
69.6,11.3491986052961,226.74383110713327,215.39463250183718,0.0674142434393842
69.8,11.393541144814044,226.7784355515946,215.38489440678057,0.06741224321701972
70.0,11.437929317509603,226.81303999605598,215.37511067854638,0.06741023359909885
70.2,11.482363039762243,226.8476444405173,215.36528140075507,0.06740821460248186
70.4,11.526842228342577,226.88224888497865,215.35540665663606,0.06740618624394797
70.6,11.571366800409434,226.91685332944,215.34548652903055,0.06740414854019589
70.8,11.615936673506965,226.95145777390132,215.33552110039437,0.0674021015078445
71.0,11.66055176556174,226.98606221836266,215.32551045280093,0.06740004516343333
71.2,11.705211994879926,227.020666662824,215.31545466794407,0.06739797952342329
71.4,11.749917280144446,227.05527110728534,215.3053538271409,0.06739590460419717
71.6,11.79466754041222,227.08987555174667,215.29520801133447,0.0673938204220602
71.8,11.839462695111381,227.124479996208,215.28501730109662,0.06739172699324067
72.0,11.88430266403855,227.15908444066935,215.2747817766308,0.06738962433389045
72.2,11.929187367356134,227.19368888513068,215.26450151777456,0.06738751246008563
72.4,11.974116725589646,227.22829332959202,215.25417660400237,0.06738539138782695
72.6,12.019090659625045,227.26289777405336,215.2438071144283,0.06738326113304047
72.8,12.064109090706138,227.2975022185147,215.23339312780857,0.06738112171157803
73.0,12.109171940431958,227.33210666297603,215.22293472254407,0.06737897313921778
73.2,12.1542791307542,227.36671110743737,215.21243197668318,0.06737681543166486
73.4,12.199430583974681,227.4013155518987,215.20188496792403,0.06737464860455168
73.6,12.244626222742802,227.43591999636004,215.19129377361725,0.06737247267343868
73.8,12.28986597005308,227.47052444082138,215.1806584707683,0.06737028765381464
74.0,12.335149749242651,227.50512888528272,215.16997913604007,0.06736809356109742
74.2,12.380477483988836,227.53973332974408,215.15925584575524,0.06736589041063422
74.4,12.425849098306715,227.57433777420542,215.1484886758987,0.06736367821770226
74.6,12.471264516546725,227.60894221866675,215.13767770212002,0.0673614569975092
74.8,12.516723663392291,227.6435466631281,215.1268229997358,0.06735922676519364
75.0,12.562226463857472,227.67815110758943,215.11592464373194,0.06735698753582563
75.2,12.607772843284623,227.71275555205077,215.10498270876613,0.06735473932440712
75.4,12.653362727342103,227.7473599965121,215.09399726917,0.06735248214587246
75.6,12.698996042021964,227.78196444097344,215.08296839895146,0.06735021601508887
75.8,12.744672713637735,227.81656888543478,215.07189617179705,0.06734794094685688
76.0,12.79039266882212,227.8511733298961,215.060780661074,0.06734565695591084
76.2,12.836155834524826,227.88577777435745,215.04962193983263,0.06734336405691935
76.4,12.881962138010351,227.9203822188188,215.03842008080844,0.06734106226448568
76.6,12.927811506855795,227.95498666328012,215.02717515642433,0.06733875159314834
76.8,12.973703868948723,227.98959110774146,215.01588723879274,0.06733643205738137
77.0,13.019639152485004,228.0241955522028,215.00455639971779,0.0673341036715949
77.2,13.065617285966724,228.05879999666413,214.9931827106974,0.06733176645013551
77.4,13.111638198200065,228.09340444112547,214.9817662429254,0.06732942040728676
77.6,13.157701818293244,228.1280088855868,214.97030706729356,0.0673270655572695
77.8,13.203808075654454,228.16261333004815,214.9588052543937,0.06732470191424235
78.0,13.249956899989813,228.1972177745095,214.94726087451969,0.06732232949230219
78.2,13.296148221301367,228.23182221897085,214.93567399766948,0.06731994830548443
78.4,13.342381969885073,228.26642666343218,214.9240446935471,0.06731755836776357
78.6,13.388658076328824,228.30103110789352,214.9123730315647,0.06731515969305352
78.8,13.434976471510495,228.33563555235486,214.90065908084438,0.06731275229520803
79.0,13.481337086595982,228.3702399968162,214.88890291022022,0.06731033618802107
79.2,13.52773985303728,228.40484444127753,214.87710458824026,0.0673079113852273
79.4,13.574184702570584,228.43944888573887,214.86526418316828,0.0673054779005024
79.6,13.620671567214387,228.4740533302002,214.8533817629858,0.06730303574746346
79.8,13.667200379267618,228.50865777466154,214.84145739539392,0.06730058493966942
80.0,13.713771071307766,228.54326221912288,214.8294911478151,0.06729812549062139
80.2,13.760383576189051,228.57786666358422,214.81748308739517,0.06729565741376306
80.4,13.807037827040606,228.61247110804555,214.80543328100495,0.0672931807224811
80.6,13.85373375726466,228.6470755525069,214.79334179524224,0.06729069543010546
80.8,13.900471300534758,228.68167999696823,214.78120869643348,0.06728820154990989
81.0,13.947250390793974,228.71628444142956,214.76903405063558,0.06728569909511209
81.2,13.994070962253154,228.7508888858909,214.75681792363775,0.0672831880788743
81.4,14.040932949389191,228.78549333035224,214.74456038096304,0.06728066851430348
81.6,14.087836286943272,228.82009777481358,214.7322614878703,0.06727814041445175
81.8,14.134780909919195,228.8547022192749,214.71992130935573,0.06727560379231676
82.0,14.181766753581641,228.88930666373625,214.7075399101546,0.067273058660842
82.2,14.228793753454523,228.92391110819761,214.6951173547431,0.06727050503291719
82.4,14.27586184531929,228.95851555265895,214.68265370733965,0.06726794292137853
82.6,14.322970965213296,228.9931199971203,214.670149031907,0.06726537233900916
82.8,14.370121049428167,229.02772444158163,214.65760339215345,0.06726279329853944
83.0,14.417312034508162,229.06232888604296,214.6450168515348,0.0672602058126473
83.2,14.464543857248572,229.0969333305043,214.63238947325573,0.06725760989395856
83.4,14.511816454694115,229.13153777496564,214.6197213202715,0.06725500555504724
83.6,14.559129764137378,229.16614221942697,214.6070124552896,0.06725239280843595
83.8,14.606483723117236,229.2007466638883,214.59426294077107,0.06724977166659614
84.0,14.6538782694173,229.23535110834965,214.58147283893234,0.0672471421419485
84.2,14.701313341064374,229.26995555281098,214.5686422117466,0.06724450424686321
84.4,14.748788876326932,229.30455999727232,214.5557711209454,0.06724185799366028
84.6,14.79630481371361,229.33916444173366,214.54285962802004,0.06723920339460987
84.8,14.8438610919717,229.373768886195,214.5299077942233,0.0672365404619326
85.0,14.891457650085668,229.40837333065633,214.51691568057066,0.06723386920779983
85.2,14.939094427275668,229.44297777511767,214.503883347842,0.06723118964433404
85.4,14.986771362996096,229.477582219579,214.4908108565829,0.06722850178360901
85.6,15.034488396934123,229.51218666404034,214.47769826710623,0.06722580563765025
85.8,15.08224546900828,229.54679110850168,214.4645456394934,0.0672231012184352
86.0,15.13004251936701,229.58139555296304,214.45135303359604,0.06722038853789357
86.2,15.177879488387271,229.61599999742438,214.4381205090371,0.06721766760790764
86.4,15.225756316673134,229.65060444188572,214.42484812521258,0.0672149384403125
86.6,15.273672945054376,229.68520888634706,214.41153594129267,0.0672122010468964
86.8,15.321629314585136,229.7198133308084,214.39818401622327,0.06720945543940102
87.0,15.369625366542518,229.75441777526973,214.3847924087272,0.06720670162952169
87.2,15.417661042425248,229.78902221973107,214.37136117730583,0.06720393962890776
87.4,15.46573628395234,229.8236266641924,214.35789038024006,0.0672011694491628
87.6,15.513851033061743,229.85823110865374,214.344380075592,0.06719839110184495
87.8,15.562005231909053,229.89283555311508,214.33083032120604,0.06719560459846713
88.0,15.610198822866163,229.9274399975764,214.31724117471026,0.06719280995049733
88.2,15.658431748519993,229.96204444203775,214.30361269351775,0.06719000716935891
88.4,15.706703951671201,229.9966488864991,214.28994493482787,0.06718719626643083
88.6,15.755015375332878,230.03125333096042,214.27623795562755,0.06718437725304792
88.8,15.803365962729325,230.06585777542176,214.26249181269245,0.06718155014050115
89.0,15.851755657294753,230.1004622198831,214.24870656258835,0.06717871494003788
89.2,15.900184402672059,230.13506666434444,214.23488226167237,0.06717587166286212
89.4,15.948652142711595,230.16967110880577,214.22101896609416,0.06717302032013485
89.6,15.997158821469922,230.2042755532671,214.20711673179719,0.06717016092297412
89.8,16.045704383208612,230.23887999772845,214.19317561451984,0.06716729348245548
90.0,16.094288772393032,230.27348444218978,214.17919566979674,0.06716441800961206
90.2,16.142911933691156,230.30808888665115,214.16517695296,0.067161534515435
90.4,16.19157381197235,230.34269333111249,214.15111951914014,0.0671586430108735
90.6,16.240274352306248,230.37729777557382,214.13702342326758,0.06715574350683524
90.8,16.289013499961538,230.41190222003516,214.12288872007363,0.06715283601418652
91.0,16.337791200404816,230.4465066644965,214.1087154640917,0.0671499205437525
91.2,16.386607399299436,230.48111110895783,214.0945037096584,0.0671469971063175
91.4,16.43546204250438,230.51571555341917,214.0802535109148,0.06714406571262513
91.6,16.48435507607312,230.5503199978805,214.0659649218074,0.06714112637337867
91.8,16.533286446252497,230.58492444234184,214.05163799608934,0.06713817909924119
92.0,16.582256099481608,230.61952888680318,214.03727278732157,0.06713522390083579
92.2,16.631263982390692,230.65413333126452,214.02286934887383,0.06713226078874587
92.4,16.680310041800055,230.68873777572585,214.0084277339258,0.06712928977351537
92.6,16.729394224718956,230.7233422201872,213.99394799546823,0.0671263108656489
92.8,16.778516478344564,230.75794666464853,213.97943018630397,0.06712332407561206
93.0,16.82767675006086,230.79255110910987,213.96487435904902,0.06712032941383163
93.2,16.87687498743757,230.8271555535712,213.95028056613364,0.06711732689069577
93.4,16.92611113822915,230.86175999803254,213.9356488598034,0.06711431651655428
93.6,16.975385150373697,230.89636444249388,213.9209792921202,0.06711129830171877
93.8,17.024696971991947,230.9309688869552,213.90627191496327,0.06710827225646289
94.0,17.07404655138622,230.96557333141658,213.89152678003035,0.06710523839102256
94.2,17.123433837039414,231.0001777758779,213.87674393883847,0.06710219671559615
94.4,17.172858777613985,231.03478222033925,213.86192344272527,0.06709914724034477
94.6,17.222321321950954,231.0693866648006,213.84706534284965,0.06709608997539232
94.8,17.27182141906889,231.10399110926193,213.83216969019304,0.06709302493082586
95.0,17.321359018162937,231.13859555372326,213.8172365355603,0.06708995211669572
95.2,17.370934068603834,231.1731999981846,213.80226592958076,0.06708687154301575
95.4,17.42054651993691,231.20780444264594,213.78725792270902,0.0670837832197635
95.6,17.470196321881158,231.24240888710727,213.7722125652261,0.06708068715688038
95.8,17.519883424328263,231.2770133315686,213.75712990724034,0.06707758336427197
96.0,17.56960777734162,231.31161777602995,213.74200999868833,0.06707447185180809
96.2,17.619369331155426,231.34622222049128,213.72685288933587,0.0670713526293231
96.4,17.66916803617373,231.38082666495262,213.71165862877888,0.06706822570661597
96.6,17.71900384296948,231.41543110941396,213.6964272664445,0.06706509109345064
96.8,17.768876702283656,231.4500355538753,213.68115885159165,0.06706194879955607
97.0,17.81878656502428,231.48463999833663,213.66585343331235,0.06705879883462648
97.2,17.86873338226555,231.51924444279797,213.6505110605324,0.06705564120832155
97.4,17.91871710524695,231.5538488872593,213.63513178201237,0.06705247593026663
97.6,17.968737685372297,231.58845333172064,213.61971564634834,0.0670493030100528
97.8,18.018795074208914,231.623057776182,213.60426270197308,0.06704612245723723
98.0,18.068889223486707,231.65766222064332,213.5887729971566,0.06704293428134325
98.2,18.119020085097297,231.69226666510468,213.57324658000738,0.06703973849186054
98.4,18.169187611093164,231.72687110956602,213.55768349847284,0.06703653509824536
98.6,18.21939175368675,231.76147555402736,213.5420838003406,0.06703332410992066
98.8,18.26963246524965,231.7960799984887,213.52644753323904,0.06703010553627635
99.0,18.31990969831172,231.83068444295003,213.5107747446383,0.06702687938666935
99.2,18.370223405560246,231.86528888741137,213.49506548185113,0.0670236456704239
99.4,18.420573539839115,231.8998933318727,213.47931979203358,0.06702040439683163
99.6,18.470960054147955,231.93449777633404,213.4635377221861,0.0670171555751518
99.8,18.521382901641356,231.96910222079538,213.44771931915403,0.06701389921461139
100.0,18.571842035627995,232.00370666525671,213.4318646296287,0.06701063532440538
100.2,18.622337409569866,232.03831110971805,213.4159737001482,0.06700736391369683
100.4,18.672868977081436,232.0729155541794,213.40004657709795,0.06700408499161707
100.6,18.723436691928875,232.10751999864073,213.38408330671186,0.06700079856726593
100.8,18.77404050802924,232.14212444310206,213.36808393507283,0.06699750464971176
101.0,18.824680379449685,232.1767288875634,213.3520485081137,0.06699420324799173
101.2,18.87535626040668,232.21133333202474,213.33597707161806,0.06699089437111196
101.4,18.926068105265227,232.24593777648607,213.31986967122086,0.06698757802804763
101.6,18.9768158685381,232.2805422209474,213.3037263524093,0.06698425422774318
101.8,19.027599504885053,232.31514666540875,213.2875471605237,0.06698092297911251
102.0,19.078418969112075,232.3497511098701,213.27133214075803,0.06697758429103903
102.2,19.129274216170632,232.38435555433142,213.25508133816078,0.06697423817237588
102.4,19.180165201156903,232.4189599987928,213.23879479763588,0.06697088463194617
102.6,19.231091879311045,232.45356444325412,213.22247256394309,0.06696752367854295
102.8,19.28205420601644,232.48816888771546,213.20611468169903,0.06696415532092947
103.0,19.333052136798976,232.5227733321768,213.1897211953778,0.06696077956783941
103.2,19.3840856273263,232.55737777663813,213.17329214931183,0.06695739642797686
103.4,19.435154633407095,232.59198222109947,213.15682758769236,0.06695400591001659
103.6,19.486259110990364,232.6265866655608,213.14032755457043,0.06695060802260414
103.8,19.53739901616472,232.66119111002214,213.12379209385742,0.06694720277435603
104.0,19.588574305157657,232.69579555448348,213.10722124932582,0.06694379017385986
104.2,19.639784934334862,232.73039999894482,213.09061506460995,0.06694037022967443
104.4,19.691030860199508,232.76500444340616,213.07397358320665,0.06693694295032995
104.6,19.742312039391546,232.7996088878675,213.05729684847594,0.06693350834432817
104.8,19.793628428687043,232.83421333232883,213.0405849036418,0.06693006642014246
105.0,19.84497998499747,232.86881777679017,213.0238377917927,0.06692661718621803
105.2,19.896366665369015,232.9034222212515,213.0070555558825,0.06692316065097205
105.4,19.94778842698195,232.93802666571284,212.99023823873088,0.06691969682279376
105.6,19.99924522714991,232.97263111017418,212.97338588302426,0.06691622571004463
105.8,20.050737023319243,233.00723555463554,212.9564985313163,0.06691274732105851
106.0,20.10226377306836,233.04183999909685,212.9395762260285,0.06690926166414173
106.2,20.153825434107052,233.07644444355822,212.92261900945115,0.06690576874757327
106.4,20.20542196427586,233.11104888801955,212.90562692374368,0.0669022685796049
106.6,20.257053321545417,233.1456533324809,212.88860001093548,0.0668987611684613
106.8,20.30871946401581,233.18025777694223,212.87153831292642,0.06689524652234015
107.0,20.360420349915895,233.21486222140356,212.85444187148767,0.06689172464941237
107.2,20.41215593760274,233.2494666658649,212.83731072826217,0.06688819555782213
107.4,20.463926185560926,233.28407111032624,212.82014492476532,0.06688465925568707
107.6,20.51573105240195,233.31867555478757,212.80294450238563,0.06688111575109837
107.8,20.567570496863617,233.3532799992489,212.7857095023853,0.06687756505212095
108.0,20.619444477809356,233.38788444371025,212.76843996590088,0.0668740071667935
108.2,20.671352954227682,233.42248888817159,212.7511359339439,0.0668704421031287
108.4,20.72329588523155,233.45709333263292,212.73379744740137,0.0668668698691133
108.6,20.775273230057735,233.49169777709426,212.71642454703652,0.06686329047270825
108.8,20.827284948066275,233.5263022215556,212.69901727348932,0.0668597039218488
109.0,20.879330998739803,233.56090666601693,212.68157566727712,0.0668561102244447
109.2,20.931411341683024,233.59551111047827,212.66409976879524,0.06685250938838022
109.4,20.983525936622083,233.6301155549396,212.64658961831753,0.0668489014215144
109.6,21.035674743403973,233.66471999940094,212.62904525599697,0.06684528633168102
109.8,21.08785772199601,233.69932444386228,212.61146672186626,0.06684166412668882
110.0,21.140074832485173,233.73392888832365,212.59385405583848,0.06683803481432163
110.2,21.192326035077567,233.76853333278495,212.57620729770738,0.06683439840233843
110.4,21.244611290097875,233.80313777724632,212.55852648714844,0.0668307548984735
110.6,21.29693055798876,233.83774222170766,212.5408116637189,0.06682710431043651
110.8,21.349283799310303,233.872346666169,212.52306286685868,0.06682344664591269
111.0,21.40167097473947,233.90695111063033,212.50528013589087,0.06681978191256291
111.2,21.454092045069505,233.94155555509167,212.48746351002217,0.06681611011802377
111.4,21.506546971209424,233.976159999553,212.4696130283436,0.06681243126990777
111.6,21.559035714183448,234.01076444401434,212.4517287298309,0.0668087453758034
111.8,21.611558235130474,234.04536888847568,212.4338106533452,0.06680505244327523
112.0,21.6641144953035,234.07997333293702,212.41585883763352,0.06680135247986405
112.2,21.716704456069095,234.11457777739835,212.39787332132926,0.06679764549308698
112.4,21.769328078906906,234.1491822218597,212.37985414295278,0.06679393149043755
112.6,21.82198532540906,234.18378666632103,212.36180134091197,0.06679021047938588
112.8,21.87467615727971,234.21839111078236,212.34371495350265,0.06678648246737867
113.0,21.92740053633443,234.2529955552437,212.32559501890927,0.06678274746183947
113.2,21.980158424499777,234.28759999970504,212.30744157520525,0.06677900547016861
113.4,22.032949783812683,234.32220444416637,212.2892546603537,0.06677525649974347
113.6,22.085774576420025,234.3568088886277,212.2710343122077,0.06677150055791846
113.8,22.138632764578066,234.39141333308908,212.252780568511,0.06676773765202519
114.0,22.191524310651964,234.42601777755038,212.2344934668984,0.06676396778937257
114.2,22.244449177115257,234.46062222201175,212.2161730448965,0.06676019097724695
114.4,22.29740732654936,234.4952266664731,212.19781933992374,0.06675640722291207
114.6,22.350398721643078,234.52983111093442,212.17943238929135,0.06675261653360937
114.8,22.403423325192115,234.56443555539576,212.16101223020365,0.06674881891655796
115.0,22.45648110009856,234.5990399998571,212.14255889975854,0.06674501437895478
115.2,22.509572009370427,234.63364444431843,212.124072434948,0.06674120292797463
115.4,22.56269601612113,234.66824888877977,212.10555287265865,0.06673738457077037
115.6,22.615853083569032,234.7028533332411,212.0870002496721,0.06673355931447296
115.8,22.66904317503698,234.73745777770245,212.06841460266546,0.06672972716619154
116.0,22.72226625395178,234.77206222216378,212.049795968212,0.06672588813301357
116.2,22.775522283843753,234.80666666662512,212.03114438278138,0.06672204222200492
116.4,22.828811228346268,234.84127111108646,212.0124598827402,0.06671818944020998
116.6,22.88213305119525,234.8758755555478,211.99374250435255,0.06671432979465168
116.8,22.93548771622876,234.91048000000913,211.97499228378038,0.06671046329233171
117.0,22.988875187386473,234.94508444447047,211.956209257084,0.06670658994023052
117.2,23.042295428709277,234.9796888889318,211.93739346022252,0.06670270974530743
117.4,23.095748404338778,235.01429333339314,211.91854492905435,0.06669882271450076
117.6,23.149234078516844,235.04889777785448,211.89966369933762,0.06669492885472791
117.8,23.20275241558521,235.08350222231581,211.8807498067306,0.06669102817288541
118.0,23.25630337998495,235.11810666677718,211.86180328679222,0.0666871206758491
118.2,23.30988693625609,235.1527111112385,211.8428241749824,0.06668320637047412
118.4,23.36350304903715,235.18731555569985,211.8238125066627,0.06667928526359508
118.6,23.417151683064684,235.2219200001612,211.80476831709652,0.06667535736202612
118.8,23.47083280317289,235.25652444462253,211.78569164144963,0.06667142267256097
119.0,23.524546374293127,235.29112888908386,211.76658251479074,0.06666748120197313
119.2,23.578292361453503,235.3257333335452,211.7474409720917,0.06666353295701587
119.4,23.63207072977846,235.36033777800654,211.72826704822808,0.06665957794442233
119.6,23.685881444488313,235.39494222246788,211.70906077797957,0.06665561617090568
119.8,23.739724470898878,235.4295466669292,211.68982219603032,0.06665164764315909
120.0,23.793599774420993,235.46415111139055,211.67055133696957,0.06664767236785595
120.2,23.847507320560148,235.4987555558519,211.65124823529175,0.06664369035164983
120.4,23.90144707491603,235.53336000031322,211.6319129253972,0.06663970160117468
120.6,23.95541900318214,235.56796444477456,211.61254544159243,0.06663570612304481
120.8,24.009423071145367,235.6025688892359,211.59314581809053,0.06663170392385508
121.0,24.063459244685582,235.63717333369723,211.57371408901165,0.06662769501018086
121.2,24.11752748977523,235.67177777815857,211.55425028838334,0.06662367938857824
121.4,24.17162777247894,235.7063822226199,211.53475445014098,0.06661965706558405
121.6,24.225760058953096,235.74098666708124,211.51522660812816,0.06661562804771592
121.8,24.279924315445466,235.7755911115426,211.49566679609714,0.06661159234147242
122.0,24.334120508294795,235.81019555600392,211.47607504770912,0.06660754995333311
122.2,24.3883486039304,235.84480000046528,211.45645139653487,0.06660350088975861
122.4,24.4426085688718,235.8794044449266,211.4367958760548,0.06659944515719073
122.6,24.496900369728316,235.91400888938796,211.41710851965965,0.06659538276205249
122.8,24.551223973198674,235.9486133338493,211.3973893606506,0.06659131371074821
123.0,24.605579346070638,235.98321777831063,211.37763843224,0.06658723800966365
123.2,24.659966455220616,236.01782222277197,211.35785576755134,0.06658315566516601
123.4,24.714385267613284,236.0524266672333,211.33804139962,0.06657906668360407
123.6,24.76883575030121,236.08703111169464,211.31819536139344,0.06657497107130823
123.8,24.823317870424468,236.12163555615598,211.29831768573152,0.0665708688345906
124.0,24.877831595210278,236.15624000061732,211.27840840540705,0.06656675997974507
124.2,24.932376891972634,236.19084444507865,211.25846755310602,0.0665626445130474
124.4,24.986953728111914,236.22544888954,211.2384951614281,0.0665585224407553
124.6,25.041562071114548,236.26005333400133,211.21849126288677,0.06655439376910849
124.8,25.096201888552617,236.29465777846266,211.19845588991004,0.06655025850432875
125.0,25.150873148083516,236.329262222924,211.17838907484048,0.06654611665262009
125.2,25.20557581744959,236.36386666738534,211.15829084993575,0.06654196822016868
125.4,25.26030986447775,236.39847111184667,211.1381612473689,0.06653781321314309
125.6,25.31507525707916,236.433075556308,211.11800029922884,0.0665336516376942
125.8,25.36987196324885,236.46768000076935,211.0978080375205,0.06652948349995541
126.0,25.42469995106537,236.5022844452307,211.07758449416534,0.06652530880604261
126.2,25.479559188690445,236.53688888969205,211.0573297010016,0.06652112756205435
126.4,25.534449644368628,236.5714933341534,211.03704368978475,0.06651693977407178
126.6,25.58937128642694,236.6060977786147,211.01672649218776,0.06651274544815887
126.8,25.644324083274554,236.64070222307606,210.9963781398015,0.06650854459036239
127.0,25.69930800340242,236.6753066675374,210.97599866413498,0.06650433720671198
127.2,25.75432301538295,236.70991111199874,210.95558809661577,0.06650012330322025
127.4,25.80936908786966,236.74451555646007,210.9351464685904,0.06649590288588288
127.6,25.864446189596848,236.7791200009214,210.91467381132458,0.06649167596067859
127.8,25.919554289379253,236.81372444538275,210.8941701560035,0.06648744253356932
128.0,25.974693356111732,236.84832888984408,210.87363553373234,0.06648320261050021
128.2,26.0298633587689,236.88293333430542,210.85306997553653,0.06647895619739974
128.4,26.08506426640486,236.91753777876676,210.8324735123619,0.06647470330017975
128.6,26.140296048152795,236.9521422232281,210.8118461750753,0.06647044392473553
128.8,26.195558673224717,236.98674666768943,210.7911879944647,0.06646617807694584
129.0,26.2508521109111,237.02135111215077,210.77049900123967,0.06646190576267308
129.2,26.30617633058057,237.0559555566121,210.74977922603154,0.06645762698776325
129.4,26.36153130167961,237.09056000107347,210.72902869939387,0.06645334175804608
129.6,26.416916993732183,237.12516444553478,210.7082474518026,0.06644905007933505
129.8,26.472333376339485,237.15976888999614,210.68743551365665,0.0664447519574275
130.0,26.527780419179575,237.19437333445745,210.66659291527787,0.06644044739810465
130.2,26.583258092007096,237.22897777891882,210.64571968691172,0.06643613640713175
130.4,26.63876636465297,237.26358222338015,210.62481585872717,0.06643181899025798
130.6,26.694305207024037,237.2981866678415,210.60388146081746,0.06642749515321672
130.8,26.74987458910281,237.33279111230283,210.58291652320003,0.06642316490172546
131.0,26.805474480947133,237.36739555676417,210.56192107581703,0.0664188282414859
131.2,26.86110485268989,237.4020000012255,210.5408951485356,0.06641448517818407
131.4,26.916765674538716,237.43660444568684,210.51983877114813,0.0664101357174903
131.6,26.97245691677564,237.47120889014818,210.49875197337252,0.06640577986505936
131.8,27.02817854975688,237.5058133346095,210.47763478485263,0.0664014176265305
132.0,27.083930543912444,237.54041777907085,210.45648723515842,0.06639704900752749
132.2,27.139712869745903,237.5750222235322,210.4353093537863,0.06639267401365867
132.4,27.195525497834094,237.60962666799352,210.41410117015943,0.06638829265051706
132.6,27.25136839882677,237.64423111245486,210.3928627136281,0.06638390492368043
132.8,27.307241543446406,237.6788355569162,210.3715940134698,0.06637951083871126
133.0,27.363144902487793,237.71344000137753,210.35029509888975,0.06637511040115689
133.2,27.419078446817853,237.74804444583887,210.32896599902102,0.06637070361654956
133.4,27.475042147375305,237.7826488903002,210.30760674292492,0.06636629049040649
133.6,27.53103597517037,237.81725333476157,210.2862173595912,0.06636187102822987
133.8,27.587059901284526,237.85185777922288,210.26479787793835,0.06635744523550693
134.0,27.643113896870194,237.88646222368425,210.24334832681404,0.06635301311771015
134.2,27.699197933150465,237.92106666814556,210.2218687349951,0.06634857468029706
134.4,27.75531198141885,237.95567111260692,210.20035913118807,0.06634412992871053
134.6,27.81145601303895,237.99027555706826,210.1788195440293,0.06633967886837866
134.8,27.86762999944424,238.0248800015296,210.15725000208536,0.06633522150471498
135.0,27.923833912137745,238.05948444599093,210.13565053385318,0.06633075784311836
135.2,27.980067722691786,238.09408889045227,210.11402116776048,0.06632628788897318
135.4,28.036331402747745,238.1286933349136,210.09236193216586,0.06632181164764936
135.6,28.09262492401572,238.16329777937494,210.07067285535922,0.06631732912450236
135.8,28.148948258274334,238.19790222383628,210.04895396556194,0.0663128403248733
136.0,28.205301377370414,238.23250666829762,210.0272052909272,0.06630834525408903
136.2,28.261684253218743,238.26711111275895,210.00542685954022,0.06630384391746208
136.4,28.318096857801837,238.3017155572203,209.98361869941846,0.06629933632029078
136.6,28.374539163169587,238.33632000168163,209.96178083851203,0.06629482246785938
136.8,28.43101114143911,238.37092444614296,209.93991330470385,0.06629030236543801
137.0,28.487512764794406,238.4055288906043,209.91801612580988,0.06628577601828271
137.2,28.54404400548613,238.44013333506564,209.89608932957952,0.06628124343163563
137.4,28.600604835831362,238.47473777952698,209.8741329436956,0.0662767046107249
137.6,28.65719522821328,238.5093422239883,209.85214699577503,0.06627215956076485
137.8,28.71381515508101,238.54394666844968,209.83013151336866,0.0662676082869559
138.0,28.770464588949256,238.578551112911,209.80808652396172,0.06626305079448476
138.2,28.827143502398147,238.61315555737235,209.7860120549742,0.0662584870885244
138.4,28.88385186807294,238.64776000183366,209.7639081337607,0.0662539171742341
138.6,28.940589658683756,238.68236444629503,209.74177478761126,0.06624934105675956
138.8,28.997356847005392,238.71696889075636,209.71961204375097,0.06624475874123287
139.0,29.054153405876995,238.7515733352177,209.6974199293407,0.0662401702327726
139.2,29.110979308201905,238.78617777967904,209.67519847147713,0.0662355755364839
139.4,29.167834526947342,238.82078222414037,209.65294769719304,0.06623097465745846
139.6,29.224719035144172,238.8553866686017,209.63066763345753,0.06622636760077463
139.8,29.28163280588674,238.88999111306305,209.6083583071763,0.06622175437149742
140.0,29.338575812332504,238.92459555752438,209.5860197451919,0.06621713497467858
140.2,29.39554802770192,238.95920000198572,209.5636519742838,0.06621250941535664
140.4,29.452549425278125,238.99380444644706,209.54125502116892,0.06620787769855696
140.6,29.509579978406716,239.0284088909084,209.51882891250168,0.06620323982929179
140.8,29.566639660495564,239.06301333536973,209.49637367487418,0.06619859581256028
141.0,29.623728445014496,239.09761777983107,209.47388933481656,0.06619394565334857
141.2,29.680846305495148,239.1322222242924,209.45137591879725,0.06618928935662986
141.4,29.737993215530686,239.16682666875374,209.42883345322306,0.06618462692736435
141.6,29.79516914877555,239.20143111321508,209.40626196443952,0.06617995837049939
141.8,29.852374078945314,239.23603555767642,209.3836614787311,0.06617528369096952
142.0,29.90960797981636,239.27064000213778,209.3610320223214,0.06617060289369646
142.2,29.966870825225726,239.3052444465991,209.33837362137336,0.06616591598358917
142.4,30.024162589070844,239.33984889106046,209.31568630198962,0.066161222965544
142.6,30.081483245309297,239.37445333552176,209.29297009021246,0.06615652384444456
142.8,30.13883276795867,239.40905777998313,209.27022501202447,0.0661518186251619
143.0,30.19621113109623,239.44366222444447,209.24745109334825,0.06614710731255449
143.2,30.25361830885879,239.4782666689058,209.224648360047,0.06614238991146831
143.4,30.31105427544245,239.51287111336714,209.2018168379247,0.06613766642673688
143.6,30.368519005102353,239.54747555782848,209.17895655272613,0.06613293686318128
143.8,30.42601247215255,239.5820800022898,209.15606753013725,0.06612820122561021
144.0,30.483534650965677,239.61668444675115,209.13314979578547,0.06612345951882005
144.2,30.541085515972835,239.6512888912125,209.11020337523965,0.0661187117475949
144.4,30.598665041663324,239.68589333567382,209.08722829401052,0.06611395791670659
144.6,30.656273202584433,239.72049778013516,209.06422457755073,0.06610919803091476
144.8,30.713909973341245,239.7551022245965,209.04119225125527,0.06610443209496694
145.0,30.771575328596402,239.78970666905784,209.01813134046142,0.06609966011359847
145.2,30.829269243069948,239.82431111351917,208.99504187044923,0.06609488209153266
145.4,30.886991691539038,239.85891555798054,208.9719238664415,0.0660900980334808
145.6,30.94474264883781,239.89352000244185,208.94877735360404,0.06608530794414219
145.8,31.00252208985713,239.9281244469032,208.92560235704607,0.06608051182820421
146.0,31.060329989544385,239.96272889136452,208.90239890182013,0.06607570969034225
146.2,31.118166322903324,239.99733333582589,208.87916701292255,0.06607090153522
146.4,31.17603106499382,240.03193778028722,208.8559067152934,0.06606608736748917
146.6,31.23392419093163,240.06654222474856,208.8326180338169,0.06606126719178983
146.8,31.291845675888304,240.1011466692099,208.80930099332159,0.06605644101275022
147.0,31.349795495090845,240.13575111367123,208.78595561858037,0.06605160883498698
147.2,31.407773623821633,240.17035555813257,208.76258193431093,0.06604677066310502
147.4,31.46578003741814,240.2049600025939,208.73917996517577,0.06604192650169767
147.6,31.523814711272795,240.23956444705524,208.71574973578245,0.06603707635534672
147.8,31.581877620832735,240.27416889151658,208.69229127068385,0.06603222022862242
148.0,31.639968741599628,240.30877333597792,208.6688045943783,0.06602735812608349
148.2,31.698088049129503,240.34337778043925,208.64528973130976,0.06602249005227728
148.4,31.756235519032533,240.3779822249006,208.62174670586805,0.06601761601173965
148.6,31.81441112697284,240.41258666936193,208.5981755423891,0.06601273600899518
148.8,31.8726148486683,240.44719111382327,208.57457626515497,0.06600785004855704
149.0,31.930846659890364,240.4817955582846,208.55094889839424,0.06600295813492717
149.2,31.989106536463883,240.51640000274594,208.52729346628206,0.06599806027259623
149.4,32.047394454266886,240.55100444720728,208.5036099929404,0.06599315646604369
149.6,32.105710389230396,240.58560889166864,208.47989850243823,0.06598824671973784
149.8,32.16405431733828,240.62021333612995,208.45615901879168,0.06598333103813582
150.0,32.222426214627,240.65481778059132,208.4323915659643,0.06597840942568373
150.2,32.28082605718549,240.68942222505262,208.40859616786713,0.06597348188681651
150.4,32.33925382115496,240.724026669514,208.38477284835903,0.06596854842595821
150.6,32.397709482728665,240.75863111397533,208.36092163124667,0.06596360904752183
150.8,32.45619301815177,240.79323555843666,208.3370425402849,0.06595866375590939
151.0,32.51470440372113,240.827840002898,208.31313559917686,0.06595371255551208
151.2,32.57324361578518,240.86244444735934,208.28920083157416,0.06594875545071018
151.4,32.63181063074367,240.89704889182067,208.265238261077,0.06594379244587315
151.6,32.69040542504752,240.931653336282,208.2412479112345,0.06593882354535967
151.8,32.74902797519867,240.96625778074335,208.21722980554466,0.06593384875351763
152.0,32.80767825774987,241.00086222520468,208.19318396745481,0.0659288680746842
152.2,32.866356249304474,241.03546666966602,208.16911042036156,0.06592388151318591
152.4,32.92506192651637,241.07007111412736,208.14500918761098,0.0659188890733386
152.6,32.98379526608967,241.1046755585887,208.120880292499,0.06591389075944751
152.8,33.04255624477863,241.13928000305003,208.0967237582714,0.06590888657580729
153.0,33.101344839387465,241.17388444751137,208.07253960812392,0.06590387652670207
153.2,33.16016102677011,241.2084888919727,208.0483278652026,0.06589886061640547
153.4,33.219004783830165,241.24309333643404,208.02408855260387,0.06589383884918062
153.6,33.277876087520596,241.27769778089538,207.99982169337477,0.06588881122928025
153.8,33.33677491484366,241.31230222535675,207.9755273105131,0.06588377776094666
154.0,33.39570124285069,241.34690666981805,207.95120542696736,0.06587873844841177
154.2,33.45465504864194,241.38151111427942,207.92685606563748,0.06587369329589723
154.4,33.51363630936645,241.41611555874073,207.90247924937427,0.06586864230761433
154.6,33.57264500222176,241.4507200032021,207.87807500098035,0.06586358548776414
154.8,33.63168110445393,241.48532444766343,207.8536433432095,0.06585852284053748
155.0,33.69074459335721,241.51992889212477,207.82918429876756,0.06585345437011496
155.2,33.74983544627394,241.5545333365861,207.80469789031216,0.06584838008066707
155.4,33.80895364059444,241.58913778104744,207.780184140453,0.06584329997635417
155.6,33.86809915375673,241.62374222550878,207.75564307175205,0.06583821406132649
155.8,33.92727196324647,241.65834666997011,207.73107470672363,0.06583312233972423
156.0,33.986472046596724,241.69295111443145,207.70647906783472,0.06582802481567754
156.2,34.04569938138787,241.7275555588928,207.68185617750493,0.06582292149330662
156.4,34.10495394524741,241.76216000335413,207.6572060581067,0.06581781237672166
156.6,34.16423571584975,241.79676444781546,207.63252873196572,0.06581269747002297
156.8,34.22354467091616,241.8313688922768,207.60782422136063,0.0658075767773009
157.0,34.28288078821451,241.86597333673814,207.5830925485236,0.06580245030263598
157.2,34.34224404555919,241.90057778119947,207.55833373564028,0.06579731805009895
157.4,34.40163442081091,241.9351822256608,207.5335478048499,0.06579218002375066
157.6,34.4610518918765,241.96978667012215,207.50873477824564,0.06578703622764226
157.8,34.520496436708925,242.00439111458348,207.48389467787456,0.06578188666581514
158.0,34.57996803330691,242.03899555904485,207.45902752573795,0.06577673134230098
158.2,34.639466659714934,242.07360000350616,207.43413334379122,0.06577157026112182
158.4,34.69899229402304,242.10820444796752,207.40921215394448,0.06576640342629003
158.6,34.758544914366674,242.14280889242883,207.38426397806217,0.06576123084180838
158.8,34.81812449892654,242.1774133368902,207.35928883796367,0.06575605251167006
159.0,34.87773102592844,242.21201778135153,207.33428675542308,0.06575086843985871
159.2,34.937364473643115,242.24662222581287,207.30925775216974,0.06574567863034847
159.4,34.99702482038618,242.2812266702742,207.28420184988803,0.065740483087104
159.6,35.05671204451783,242.31583111473554,207.2591190702177,0.06573528181408046
159.8,35.11642612444283,242.35043555919688,207.23400943475406,0.06573007481522364
160.0,35.17616703861025,242.38504000365822,207.20887296504796,0.06572486209446986
160.2,35.23593476551344,242.41964444811956,207.18370968260612,0.06571964365574619
160.4,35.29572928368978,242.4542488925809,207.1585196088911,0.06571441950297024
160.6,35.35555057172057,242.48885333704223,207.13330276532167,0.06570918964005044
160.8,35.41539860823094,242.52345778150357,207.10805917327264,0.06570395407088583
161.0,35.4752733718896,242.5580622259649,207.08278885407532,0.06569871279936627
161.2,35.53517484140879,242.59266667042624,207.05749182901747,0.06569346582937241
161.4,35.5951029955441,242.6272711148876,207.0321681193435,0.06568821316477566
161.6,35.6550578130943,242.6618755593489,207.00681774625463,0.06568295480943832
161.8,35.715039272901286,242.69648000381028,206.981440730909,0.06567769076721355
162.0,35.775047353849814,242.7310844482716,206.9560370944218,0.0656724210419454
162.2,35.83508203486746,242.76568889273295,206.93060685786548,0.06566714563746887
162.4,35.89514329492449,242.8002933371943,206.9051500422698,0.06566186455760988
162.6,35.95523111303359,242.83489778165563,206.87966666862204,0.06565657780618536
162.8,36.0153454682499,242.86950222611696,206.85415675786706,0.0656512853870033
163.0,36.07548633967074,242.9041066705783,206.82862033090757,0.06564598730386262
163.2,36.135653706435576,242.93871111503964,206.80305740860405,0.06564068356055341
163.4,36.19584754772579,242.97331555950097,206.77746801177517,0.06563537416085684
163.6,36.25606784276461,243.0079200039623,206.7518521611977,0.06563005910854516
163.8,36.316314570816964,243.04252444842365,206.7262098776067,0.06562473840738184
164.0,36.376587711189295,243.07712889288499,206.70054118169568,0.06561941206112147
164.2,36.43688724322953,243.11173333734632,206.6748460941168,0.06561408007350988
164.4,36.497213146326835,243.14633778180766,206.64912463548083,0.06560874244828416
164.6,36.55756539991155,243.180942226269,206.62337682635746,0.06560339918917261
164.8,36.61794398345505,243.21554667073033,206.5976026872753,0.06559805029989486
165.0,36.67834887646957,243.25015111519167,206.5718022387221,0.06559269578416185
165.2,36.73878005850815,243.284755559653,206.54597550114485,0.06558733564567586
165.4,36.79923750916443,243.31936000411434,206.52012249494993,0.06558196988813053
165.6,36.85972120807254,243.3539644485757,206.49424324050318,0.06557659851521094
165.8,36.920231134907034,243.38856889303702,206.46833775813,0.06557122153059353
166.0,36.98076726938266,243.42317333749838,206.44240606811573,0.06556583893794626
166.2,37.0413295912543,243.4577777819597,206.41644819070538,0.0655604507409285
166.4,37.101918080316835,243.49238222642106,206.39046414610422,0.06555505694319119
166.6,37.16253271640498,243.5269866708824,206.36445395447743,0.06554965754837676
166.8,37.22317347939322,243.56159111534373,206.33841763595052,0.06554425256011918
167.0,37.283840349195586,243.59619555980507,206.3123552106095,0.06553884198204406
167.2,37.34453330576568,243.6308000042664,206.28626669850073,0.06553342581776854
167.4,37.405252329096406,243.66540444872774,206.26015211963133,0.06552800407090145
167.6,37.465997399219894,243.70000889318908,206.23401149396918,0.06552257674504328
167.8,37.52676849620743,243.73461333765042,206.20784484144298,0.06551714384378615
168.0,37.58756560016924,243.76921778211175,206.18165218194252,0.06551170537071395
168.2,37.64838869125446,243.8038222265731,206.15543353531862,0.06550626132940227
168.4,37.70923774965094,243.83842667103443,206.1291889213835,0.06550081172341844
168.6,37.77011275558514,243.87303111549576,206.10291835991063,0.06549535655632163
168.8,37.83101368932206,243.9076355599571,206.07662187063505,0.06548989583166277
169.0,37.89194053116505,243.94224000441844,206.0502994732534,0.06548442955298464
169.2,37.95289326145572,243.97684444887977,206.02395118742405,0.06547895772382187
169.4,38.01387186057384,244.0114488933411,205.99757703276725,0.06547348034770101
169.6,38.074876308937185,244.04605333780245,205.97117702886527,0.06546799742814044
169.8,38.13590658700144,244.0806577822638,205.94475119526237,0.06546250896865055
170.0,38.19696267526007,244.11526222672512,205.91829955146505,0.06545701497273364
170.2,38.25804455424421,244.1498666711865,205.89182211694228,0.065451515443884
170.4,38.319152204522545,244.1844711156478,205.86531891112526,0.06544601038558792
170.6,38.38028560670121,244.21907556010916,205.83878995340797,0.06544049980132371
170.8,38.44144474142363,244.2536800045705,205.81223526314687,0.06543498369456177
171.0,38.502629589370436,244.28828444903183,205.7856548596614,0.0654294620687645
171.2,38.56384013125939,244.32288889349317,205.7590487622338,0.06542393492738646
171.4,38.625076347845166,244.3574933379545,205.73241699010936,0.06541840227387433
171.6,38.68633821991935,244.39209778241585,205.7057595624965,0.06541286411166689
171.8,38.74762572831024,244.42670222687718,205.67907649856693,0.06540732044419513
172.0,38.808938853882765,244.46130667133852,205.65236781745574,0.0654017712748822
172.2,38.87027757753842,244.49591111579986,205.62563353826144,0.0653962166071435
172.4,38.93164188021505,244.5305155602612,205.59887368004615,0.06539065644438662
172.6,38.99303174288684,244.56512000472253,205.5720882618357,0.06538509079001144
172.8,39.05444714656414,244.59972444918387,205.54527730261972,0.06537951964741012
173.0,39.11588807229336,244.6343288936452,205.51844082135185,0.06537394301996713
173.2,39.17735450115693,244.66893333810654,205.4915788369496,0.06536836091105926
173.4,39.238846414273084,244.70353778256788,205.46469136829478,0.0653627733240556
173.6,39.30036379279581,244.73814222702921,205.4377784342334,0.06535718026231774
173.8,39.361906617914755,244.77274667149055,205.41084005357578,0.06535158172919951
174.0,39.423474870855074,244.80735111595192,205.38387624509684,0.06534597772804729
174.2,39.48506853287735,244.84195556041323,205.3568870275359,0.0653403682621998
174.4,39.546687585277496,244.8765600048746,205.3298724195971,0.06533475333498828
174.6,39.608332009386594,244.9111644493359,205.3028324399493,0.06532913294973641
174.8,39.67000178657087,244.94576889379726,205.2757671072264,0.06532350710976043
175.0,39.7316968982315,244.9803733382586,205.2486764400271,0.06531787581836905
175.2,39.79341732580458,245.01497778271994,205.22156045691537,0.06531223907886356
175.4,39.855163050761,245.04958222718128,205.19441917642027,0.0653065968945378
175.6,39.916934054606294,245.0841866716426,205.16725261703633,0.06530094926867822
175.8,39.97873031888057,245.11879111610395,205.14006079722338,0.06529529620456387
176.0,40.040551825158445,245.1533955605653,205.11284373540684,0.06528963770546643
176.2,40.10239855504887,245.18800000502662,205.08560144997776,0.06528397377465024
176.4,40.16427049019508,245.22260444948796,205.0583339592929,0.06527830441537233
176.6,40.22616761227444,245.2572088939493,205.03104128167485,0.06527262963088237
176.8,40.2880899029984,245.29181333841063,205.00372343541224,0.06526694942442283
177.0,40.350037344112366,245.32641778287197,204.9763804387596,0.06526126379922886
177.2,40.412009917395594,245.3610222273333,204.9490123099377,0.06525557275852839
177.4,40.474007604661104,245.39562667179467,204.92161906713358,0.06524987630554212
177.6,40.536030387755545,245.43023111625598,204.89420072850044,0.06524417444348352
177.8,40.598078248559155,245.46483556071735,204.8667573121582,0.06523846717555896
178.0,40.6601511689856,245.49944000517866,204.83928883619305,0.06523275450496757
178.2,40.7222491309819,245.53404444964002,204.8117953186581,0.06522703643490142
178.4,40.784372116528374,245.56864889410136,204.78427677757298,0.06522131296854536
178.6,40.84652010763843,245.6032533385627,204.75673323092425,0.06521558410907724
178.8,40.90869308635859,245.63785778302403,204.72916469666544,0.06520984985966777
179.0,40.97089103476832,245.67246222748537,204.70157119271704,0.0652041102234806
179.2,41.033113934979944,245.7070666719467,204.67395273696675,0.06519836520367239
179.4,41.09536176913858,245.74167111640804,204.64630934726947,0.06519261480339274
179.6,41.157634519421975,245.77627556086938,204.6186410414474,0.06518685902578425
179.8,41.219932168040486,245.81088000533072,204.59094783729023,0.06518109787398257
180.0,41.28225469723693,245.84548444979205,204.56322975255512,0.06517533135111635
180.2,41.344602089286525,245.8800888942534,204.53548680496687,0.06516955946030734
180.4,41.40697432649678,245.91469333871473,204.50771901221793,0.06516378220467033
180.6,41.46937139120737,245.94929778317606,204.4799263919687,0.06515799958731323
180.8,41.5317932657901,245.9839022276374,204.4521089618473,0.06515221161133708
181.0,41.59423993264876,246.01850667209874,204.42426673945,0.06514641827983603
181.2,41.65671137421907,246.05311111656007,204.396399742341,0.06514061959589737
181.4,41.71920757296858,246.0877155610214,204.36850798805284,0.06513481556260162
181.6,41.78172851139652,246.12232000548278,204.34059149408625,0.06512900618302243
181.8,41.84427417203383,246.15692444994409,204.31265027791025,0.06512319146022671
182.0,41.906844537442915,246.19152889440545,204.28468435696254,0.06511737139727461
182.2,41.969439590217675,246.22613333886676,204.25669374864907,0.06511154599721944
182.4,42.032059312983385,246.26073778332812,204.22867847034473,0.06510571526310788
182.6,42.094703688396535,246.29534222778946,204.2006385393929,0.06509987919797987
182.8,42.15737269914486,246.3299466722508,204.17257397310595,0.06509403780486861
183.0,42.22006632794712,246.36455111671214,204.144484788765,0.06508819108680067
183.2,42.282784557553136,246.39915556117347,204.11637100362034,0.06508233904679595
183.4,42.3455273707436,246.4337600056348,204.0882326348912,0.06507648168786767
183.6,42.40829475033002,246.46836445009615,204.06006969976613,0.06507061901302252
183.8,42.47108667915467,246.50296889455748,204.03188221540282,0.06506475102526049
184.0,42.53390314009044,246.53757333901882,204.00367019892838,0.06505887772757502
184.2,42.59674411604078,246.57217778348016,203.97543366743938,0.06505299912295301
184.4,42.659609589939635,246.6067822279415,203.94717263800186,0.06504711521437476
184.6,42.72249954475127,246.64138667240283,203.91888712765154,0.06504122600481409
184.8,42.785413963470326,246.67599111686417,203.89057715339385,0.06503533149723825
185.0,42.84835282912159,246.7105955613255,203.86224273220392,0.06502943169460802
185.2,42.91131612475996,246.74520000578684,203.83388388102688,0.06502352659987773
185.4,42.974303833470465,246.77980445024818,203.80550061677772,0.06501761621599517
185.6,43.03731593836795,246.81440889470952,203.77709295634156,0.06501170054590179
185.8,43.10035242259725,246.84901333917088,203.74866091657364,0.06500577959253251
186.0,43.16341326933287,246.8836177836322,203.72020451429933,0.06499985335881589
186.2,43.22649846177909,246.91822222809355,203.69172376631445,0.06499392184767414
186.4,43.28960798316978,246.95282667255486,203.66321868938508,0.06498798506202295
186.6,43.3527418167683,246.98743111701623,203.63468930024794,0.06498204300477187
186.8,43.41589994586751,247.02203556147757,203.60613561561007,0.0649760956788239
187.0,43.47908235378958,247.0566400059389,203.57755765214932,0.0649701430870758
187.2,43.542289023885985,247.09124445040024,203.54895542651425,0.06496418523241808
187.4,43.605519939537416,247.12584889486158,203.52032895532415,0.06495822211773487
187.6,43.6687750841536,247.1604533393229,203.49167825516932,0.06495225374590406
187.8,43.73205444117339,247.19505778378425,203.46300334261088,0.06494628011979728
188.0,43.7953579940645,247.2296622282456,203.43430423418107,0.06494030124227991
188.2,43.85868572632358,247.26426667270692,203.40558094638334,0.06493431711621114
188.4,43.922037621476036,247.29887111716826,203.3768334956922,0.06492832774444393
188.6,43.98541366307596,247.3334755616296,203.34806189855362,0.06492233312982501
188.8,44.04881383470611,247.36808000609093,203.3192661713848,0.064916333275195
189.0,44.11223811997775,247.40268445055227,203.29044633057453,0.06491032818338832
189.2,44.175686502530645,247.4372888950136,203.26160239248296,0.06490431785723327
189.4,44.239158966032925,247.47189333947495,203.232734373442,0.064898302299552
189.6,44.30265549418101,247.50649778393628,203.20384228975527,0.06489228151316057
189.8,44.3661760706996,247.54110222839762,203.17492615769802,0.06488625550086892
190.0,44.42972067934148,247.57570667285898,203.1459859935175,0.06488022426548096
190.2,44.49328930388755,247.6103111173203,203.11702181343276,0.06487418780979448
190.4,44.55688192814671,247.64491556178166,203.08803363363495,0.06486814613660126
190.6,44.620498535955704,247.67952000624297,203.05902147028726,0.06486209924868702
190.8,44.684139111179206,247.71412445070433,203.02998533952513,0.06485604714883153
191.0,44.74780363770959,247.74872889516567,203.0009252574561,0.06484998983980847
191.2,44.81149209946694,247.783333339627,202.97184124016007,0.06484392732438558
191.4,44.87520448039894,247.81793778408834,202.9427333036894,0.06483785960532466
191.6,44.9389407644808,247.85254222854968,202.91360146406888,0.0648317866853815
191.8,45.00270093571518,247.88714667301102,202.88444573729583,0.06482570856730602
192.0,45.066484978132145,247.92175111747235,202.85526613934022,0.06481962525384212
192.2,45.130292875789046,247.9563555619337,202.82606268614464,0.06481353674772788
192.4,45.19412461277047,247.99096000639503,202.79683539362455,0.06480744305169547
192.6,45.25798017318814,248.02556445085636,202.76758427766822,0.06480134416847118
192.8,45.321859541180885,248.0601688953177,202.73830935413682,0.06479524010077539
193.0,45.385762700914505,248.09477333977904,202.70901063886453,0.06478913085132272
193.2,45.44968963658178,248.12937778424038,202.6796881476586,0.06478301642282189
193.4,45.51364033240232,248.16398222870174,202.65034189629944,0.06477689681797583
193.6,45.5776147726225,248.19858667316305,202.62097190054055,0.06477077203948164
193.8,45.64161294151547,248.23319111762441,202.59157817610895,0.0647646420900307
194.0,45.705634823380926,248.26779556208572,202.5621607387048,0.06475850697230856
194.2,45.76968040254523,248.3024000065471,202.53271960400187,0.06475236668899503
194.4,45.833749663361154,248.33700445100843,202.50325478764728,0.06474622124276418
194.6,45.89784259020795,248.37160889546976,202.47376630526182,0.06474007063628433
194.8,45.9619591674912,248.4062133399311,202.4442541724399,0.06473391487221813
195.0,46.02609937964274,248.44081778439244,202.4147184047497,0.0647277539532225
195.2,46.09026321112066,248.47542222885377,202.38515901773312,0.06472158788194865
195.4,46.154450646409146,248.5100266733151,202.35557602690596,0.06471541666104219
195.6,46.21866167001848,248.54463111777645,202.32596944775798,0.06470924029314304
195.8,46.28289626648493,248.57923556223778,202.29633929575286,0.06470305878088542
196.0,46.34715442037068,248.61384000669912,202.26668558632844,0.06469687212689802
196.2,46.41143611626377,248.64844445116046,202.2370083348967,0.06469068033380387
196.4,46.47574133877804,248.6830488956218,202.20730755684374,0.06468448340422038
196.6,46.54007007255304,248.71765334008313,202.17758326753008,0.06467828134075942
196.8,46.60442230225399,248.75225778454447,202.14783548229047,0.06467207414602726
197.0,46.66879801257161,248.7868622290058,202.1180642164342,0.06466586182262463
197.2,46.73319718822223,248.82146667346714,202.08826948524492,0.06465964437314667
197.4,46.797619813947556,248.85607111792848,202.05845130398092,0.06465342180018306
197.6,46.862065874514705,248.89067556238984,202.02860968787513,0.06464719410631793
197.8,46.92653535471608,248.92528000685115,201.9987446521351,0.06464096129412988
198.0,46.9910282393693,248.95988445131252,201.9688562119432,0.06463472336619208
198.2,47.055544513317216,248.99448889577383,201.9389443824566,0.06462848032507218
198.4,47.120084161427734,249.0290933402352,201.90900917880745,0.0646222321733324
198.6,47.18464716859381,249.06369778469653,201.87905061610272,0.06461597891352948
198.8,47.24923351973338,249.09830222915787,201.8490687094245,0.06460972054821475
199.0,47.313843199789254,249.1329066736192,201.81906347382994,0.06460345707993409
199.2,47.37847619372912,249.16751111808054,201.78903492435143,0.06459718851122803
199.4,47.44313248654541,249.20211556254188,201.75898307599647,0.06459091484463164
199.6,47.507812063255265,249.2367200070032,201.72890794374794,0.06458463608267466
199.8,47.5725149089005,249.27132445146455,201.69880954256405,0.06457835222788141
200.0,47.63724100854744,249.3059288959259,201.66868788737844,0.06457206328277094
200.2,47.70199034728699,249.34053334038722,201.63854299310023,0.06456576924985685
200.4,47.76676291023446,249.37513778484856,201.6083748746141,0.0645594701316475
200.6,47.831558682529554,249.4097422293099,201.57818354678034,0.06455316593064589
200.8,47.8963776493363,249.44434667377124,201.54796902443493,0.06454685664934974
201.0,47.96121979584296,249.47895111823257,201.5177313223896,0.06454054229025145
201.2,48.026085107262006,249.5135555626939,201.4874704554319,0.06453422285583818
201.4,48.09097356883003,249.54816000715525,201.4571864383252,0.06452789834859181
201.6,48.15588516580767,249.58276445161658,201.42687928580892,0.06452156877098897
201.8,48.2208198834796,249.61736889607795,201.39654901259834,0.06451523412550103
202.0,48.28577770715439,249.65197334053926,201.36619563338488,0.06450889441459416
202.2,48.350758622164506,249.68657778500062,201.33581916283612,0.06450254964072935
202.4,48.41576261386626,249.72118222946193,201.30541961559567,0.06449619980636229
202.6,48.48078966763964,249.7557866739233,201.27499700628366,0.0644898449139436
202.8,48.545839768888385,249.79039111838463,201.24455134949625,0.06448348496591864
203.0,48.61091290303981,249.82499556284597,201.21408265980617,0.06447711996472764
203.2,48.67600905554486,249.8596000073073,201.18359095176245,0.06447074991280569
203.4,48.74112821187792,249.89420445176864,201.1530762398907,0.06446437481258269
203.6,48.80627035753684,249.92880889622998,201.12253853869314,0.0644579946664835
203.8,48.87143547804287,249.96341334069132,201.09197786264843,0.06445160947692778
204.0,48.936623558940546,249.99801778515265,201.06139422621212,0.06444521924633015
204.2,49.00183458579769,250.032622229614,201.0307876438163,0.0644388239771001
204.4,49.06706854420534,250.06722667407533,201.00015812987,0.06443242367164206
204.6,49.13232541977763,250.10183111853667,200.96950569875904,0.06442601833235542
204.8,49.19760519815181,250.136435562998,200.93883036484618,0.06441960796163446
205.0,49.26290786498814,250.17104000745934,200.9081321424712,0.06441319256186848
205.2,49.32823340596984,250.20564445192068,200.87741104595085,0.0644067721354417
205.4,49.393581806803034,250.240248896382,200.84666708957897,0.06440034668473336
205.6,49.458953053216675,250.27485334084335,200.81590028762668,0.06439391621211768
205.8,49.52434713096255,250.3094577853047,200.78511065434213,0.06438748071996388
206.0,49.58976402581511,250.34406222976605,200.75429820395095,0.0643810402106362
206.2,49.6552037235715,250.37866667422736,200.72346295065586,0.06437459468649394
206.4,49.720666210051526,250.41327111868873,200.6926049086372,0.0643681441498914
206.6,49.78615147109745,250.44787556315003,200.6617240920526,0.06436168860317792
206.8,49.85165949257411,250.4824800076114,200.6308205150373,0.064355228048698
207.0,49.91719026036872,250.51708445207274,200.599894191704,0.06434876248879111
207.2,49.98274376039094,250.55168889653407,200.56894513614313,0.06434229192579186
207.4,50.04831997857269,250.5862933409954,200.53797336242272,0.06433581636202994
207.6,50.11391890086821,250.62089778545675,200.50697888458853,0.06432933579983016
207.8,50.1795405132539,250.65550222991808,200.4759617166642,0.06432285024151248
208.0,50.245184801728335,250.69010667437942,200.4449218726511,0.06431635968939195
208.2,50.31085175231219,250.72471111884076,200.41385936652858,0.06430986414577877
208.4,50.3765413510482,250.7593155633021,200.38277421225388,0.06430336361297832
208.6,50.442253584001044,250.79392000776343,200.3516664237624,0.06429685809329114
208.8,50.50798843725737,250.82852445222477,200.3205360149674,0.06429034758901295
209.0,50.573745896925644,250.8631288966861,200.28938299976045,0.06428383210243463
209.2,50.63952594913623,250.89773334114744,200.25820739201123,0.0642773116358423
209.4,50.705328580041176,250.9323377856088,200.22700920556764,0.06427078619151728
209.6,50.77115377581429,250.96694223007012,200.19578845425582,0.0642642557717361
209.8,50.83700152265103,251.00154667453148,200.16454515188045,0.06425772037877053
210.0,50.902871806768395,251.0361511189928,200.1332793122244,0.06425118001488761
210.2,50.96876461440502,251.07075556345416,200.10199094904914,0.06424463468234962
210.4,51.034679931820975,251.1053600079155,200.0706800760945,0.06423808438341407
210.6,51.10061774529777,251.13996445237683,200.03934670707906,0.06423152912033378
210.8,51.16657804113831,251.17456889683817,200.00799085569986,0.0642249688953569
211.0,51.23256080566681,251.2091733412995,199.97661253563268,0.06421840371072679
211.2,51.2985660252288,251.24377778576084,199.94521176053203,0.06421183356868218
211.4,51.364593686190986,251.27838223022218,199.9137885440312,0.06420525847145712
211.6,51.43064377494129,251.31298667468351,199.88234289974224,0.06419867842128098
211.8,51.49671627788871,251.34759111914485,199.85087484125614,0.06419209342037845
212.0,51.56281118146332,251.3821955636062,199.81938438214286,0.06418550347096959
212.2,51.62892847211621,251.41680000806753,199.78787153595133,0.06417890857526985
212.4,51.69506813631945,251.45140445252886,199.7563363162094,0.06417230873549
212.6,51.76123016056597,251.4860088969902,199.72477873642424,0.06416570395383625
212.8,51.82741453136961,251.52061334145154,199.69319881008192,0.06415909423251015
213.0,51.893621235264966,251.55521778591287,199.66159655064791,0.06415247957370869
213.2,51.95985025880741,251.5898222303742,199.62997197156682,0.06414585997962427
213.4,52.02610158857302,251.62442667483555,199.59832508626252,0.06413923545244468
213.6,52.09237521115851,251.6590311192969,199.5666559081384,0.06413260599435322
213.8,52.158671113181185,251.69363556375822,199.53496445057704,0.06412597160752856
214.0,52.224989281278916,251.7282400082196,199.50325072694068,0.06411933229414486
214.2,52.29132970211006,251.7628444526809,199.47151475057083,0.06411268805637173
214.4,52.35769236235343,251.79744889714226,199.43975653478884,0.06410603889637431
214.6,52.424077248708215,251.8320533416036,199.40797609289538,0.06409938481631314
214.8,52.49048434789399,251.86665778606493,199.37617343817095,0.06409272581834431
215.0,52.55691364665055,251.90126223052627,199.34434858387573,0.06408606190461942
215.2,52.623365131738,251.9358666749876,199.3125015432496,0.06407939307728557
215.4,52.68983878993666,251.97047111944894,199.2806323295123,0.06407271933848536
215.6,52.75633460804693,252.00507556391028,199.24874095586335,0.06406604069035698
215.8,52.82285257288932,252.03968000837162,199.2168274354823,0.06405935713503413
216.0,52.889392671304435,252.07428445283296,199.1848917815285,0.06405266867464608
216.2,52.95595489015282,252.1088888972943,199.15293400714148,0.06404597531131767
216.4,53.022539216315025,252.14349334175563,199.12095412544062,0.06403927704716927
216.6,53.089145636691455,252.17809778621697,199.0889521495255,0.06403257388431689
216.8,53.1557741382024,252.2127022306783,199.0569280924759,0.06402586582487213
217.0,53.22242470778792,252.24730667513964,199.02488196735172,0.06401915287094215
217.2,53.28909733240787,252.28191111960098,198.9928137871931,0.06401243502462978
217.4,53.355791999041806,252.3165155640623,198.96072356502052,0.0640057122880334
217.6,53.42250869468891,252.35112000852365,198.92861131383475,0.06399898466324712
217.8,53.489247406367994,252.38572445298502,198.896477046617,0.06399225215236062
218.0,53.55600812111746,252.42032889744632,198.86432077632887,0.06398551475745923
218.2,53.62279082599519,252.4549333419077,198.8321425159125,0.063978772480624
218.4,53.689595508078575,252.489537786369,198.79994227829042,0.06397202532393159
218.6,53.75642215446437,252.52414223083036,198.767720076366,0.0639652732894544
218.8,53.82327075226878,252.5587466752917,198.73547592302293,0.06395851637926042
219.0,53.890141288627284,252.59335111975304,198.70320983112575,0.06395175459541345
219.2,53.95703375069466,252.62795556421437,198.67092181351973,0.06394498793997294
219.4,54.02394812564495,252.6625600086757,198.63861188303076,0.06393821641499406
219.6,54.090884400671314,252.69716445313705,198.60628005246573,0.06393144002252774
219.8,54.15784256298614,252.73176889759839,198.57392633461225,0.06392465876462058
220.0,54.224822599820875,252.76637334205972,198.54155074223885,0.063917872643315
220.2,54.29182449842598,252.80097778652106,198.5091532880951,0.06391108166064911
220.4,54.35884824607101,252.8355822309824,198.4767339849114,0.06390428581865684
220.6,54.42589383004438,252.87018667544373,198.44429284539936,0.06389748511936785
220.8,54.49296123765352,252.90479111990507,198.41182988225154,0.06389067956480758
221.0,54.56005045622463,252.9393955643664,198.37934510814176,0.06388386915699731
221.2,54.627161473102824,252.97400000882774,198.3468385357249,0.06387705389795406
221.4,54.694294275651956,253.00860445328908,198.31431017763714,0.0638702337896907
221.6,54.761448851254585,253.04320889775042,198.28176004649583,0.06386340883421587
221.8,54.828625187312035,253.07781334221175,198.2491881548997,0.06385657903353409
222.0,54.895823271244204,253.11241778667312,198.2165945154289,0.06384974438964569
222.2,54.96304309048961,253.14702223113443,198.18397914064482,0.06384290490454685
222.4,55.030284632505364,253.1816266755958,198.15134204309044,0.06383606058022956
222.6,55.09754788476704,253.2162311200571,198.11868323529006,0.06382921141868174
222.8,55.16483283476873,253.25083556451847,198.08600272974974,0.06382235742188713
223.0,55.2321394700229,253.2854400089798,198.0533005389569,0.06381549859182539
223.2,55.299467778060446,253.32004445344114,198.0205766753807,0.06380863493047201
223.4,55.36681774643057,253.35464889790248,197.9878311514719,0.06380176643979842
223.6,55.43418936270078,253.38925334236382,197.95506397966304,0.06379489312177193
223.8,55.501582614456844,253.42385778682515,197.9222751723683,0.0637880149783558
224.0,55.56899748930273,253.4584622312865,197.88946474198377,0.06378113201150919
224.2,55.636433974860545,253.49306667574783,197.85663270088727,0.06377424422318714
224.4,55.70389205877057,253.52767112020916,197.8237790614386,0.06376735161534072
224.6,55.77137172869113,253.5622755646705,197.79090383597938,0.06376045418991688
224.8,55.83887297229862,253.59688000913184,197.75800703683322,0.06375355194885857
225.0,55.906395777287365,253.63148445359317,197.7250886763058,0.06374664489410464
225.2,55.97394013136973,253.6660888980545,197.6921487666848,0.06373973302758999
225.4,56.04150602227593,253.70069334251588,197.65918732023994,0.06373281635124545
225.6,56.10909343775407,253.73529778697718,197.62620434922312,0.06372589486699784
225.8,56.17670236557009,253.76990223143855,197.59319986586846,0.06371896857677
226.0,56.24433279350767,253.80450667589986,197.56017388239218,0.06371203748248075
226.2,56.3119847093683,253.83911112036122,197.52712641099293,0.06370510158604496
226.4,56.37965810097114,253.87371556482256,197.49405746385142,0.0636981608893735
226.6,56.44735295615298,253.9083200092839,197.4609670531309,0.06369121539437322
226.8,56.51506926276831,253.94292445374523,197.4278551909769,0.0636842651029471
227.0,56.582807008689095,253.97752889820657,197.39472188951748,0.06367731001699413
227.2,56.650566181804926,254.0121333426679,197.361567160863,0.06367035013840931
227.4,56.71834677002286,254.04673778712925,197.32839101710638,0.06366338546908376
227.6,56.78614876126739,254.08134223159058,197.2951934703232,0.06365641601090465
227.8,56.85397214348046,254.11594667605192,197.26197453257146,0.06364944176575521
228.0,56.921816904621366,254.15055112051326,197.2287342158919,0.0636424627355148
228.2,56.989683032666754,254.1851555649746,197.19547253230783,0.0636354789220588
228.4,57.05757051561054,254.21976000943593,197.1621894938254,0.0636284903272588
228.6,57.12547934146392,254.25436445389727,197.12888511243335,0.0636214969529824
228.8,57.19340949825531,254.2889688983586,197.0955594001033,0.06361449880109335
229.0,57.26136097403027,254.32357334281994,197.0622123687897,0.06360749587345157
229.2,57.32933375685151,254.35817778728128,197.02884403042975,0.06360048817191304
229.4,57.39732783479888,254.39278223174261,196.99545439694373,0.06359347569832992
229.6,57.465343195969204,254.42738667620398,196.96204348023477,0.06358645845455055
229.8,57.533379828476406,254.4619911206653,196.9286112921889,0.06357943644241934
230.0,57.601437720451315,254.49659556512665,196.89515784467534,0.06357240966377695
230.2,57.669516860041774,254.53120000958796,196.8616831495462,0.06356537812046016
230.4,57.73761723541246,254.56580445404933,196.82818721863686,0.06355834181430198
230.6,57.805738834744936,254.60040889851066,196.79467006376572,0.06355130074713153
230.8,57.87388164623763,254.635013342972,196.76113169673437,0.06354425492077422
231.0,57.94204565810567,254.66961778743334,196.72757212932765,0.06353720433705157
231.2,58.010230858581,254.70422223189468,196.69399137331368,0.06353014899778137
231.4,58.07843723591227,254.738826676356,196.66038944044374,0.06352308890477762
231.6,58.146664778364745,254.77343112081735,196.6267663424526,0.06351602405985053
231.8,58.214913474220396,254.8080355652787,196.5931220910583,0.06350895446480653
232.0,58.28318331177771,254.84264000974002,196.5594566979623,0.06350188012144833
232.2,58.351474279351805,254.87724445420136,196.52577017484955,0.06349480103157484
232.4,58.419786365274256,254.9118488986627,196.49206253338843,0.06348771719698129
232.6,58.48811955789318,254.94645334312403,196.45833378523085,0.0634806286194591
232.8,58.556473845573066,254.98105778758537,196.4245839420123,0.06347353530079601
233.0,58.624849216694855,255.0156622320467,196.39081301535185,0.06346643724277602
233.2,58.693245659655865,255.05026667650804,196.35702101685217,0.06345933444717938
233.4,58.761663162869745,255.08487112096938,196.32320795809963,0.06345222691578269
233.6,58.83010171476638,255.11947556543072,196.28937385066433,0.06344511465035883
233.8,58.89856130379199,255.15408000989208,196.25551870610008,0.06343799765267696
234.0,58.967041918408974,255.1886844543534,196.22164253594443,0.06343087592450258
234.2,59.03554354709593,255.22328889881476,196.18774535171883,0.06342374946759753
234.4,59.1040661783476,255.25789334327607,196.15382716492846,0.06341661828371989
234.6,59.172609800674856,255.29249778773743,196.11988798706258,0.06340948237462418
234.8,59.24117440260461,255.32710223219877,196.08592782959417,0.06340234174206119
235.0,59.30975997267982,255.3617066766601,196.0519467039803,0.0633951963877781
235.2,59.37836649945948,255.39631112112144,196.01794462166197,0.06338804631351842
235.4,59.446993971518545,255.43091556558278,195.98392159406424,0.06338089152102204
235.6,59.515642377447854,255.46552001004412,195.94987763259627,0.06337373201202522
235.8,59.58431170585421,255.50012445450545,195.91581274865123,0.06336656778826057
236.0,59.65300194536022,255.5347288989668,195.88172695360657,0.06335939885145711
236.2,59.72171308460436,255.56933334342813,195.84762025882378,0.06335222520334025
236.4,59.79044511224084,255.60393778788946,195.81349267564863,0.06334504684563178
236.6,59.8591980169397,255.6385422323508,195.7793442154111,0.06333786378004991
236.8,59.92797178738664,255.67314667681214,195.7451748894255,0.06333067600830926
237.0,59.996766412283044,255.70775112127347,195.71098470899042,0.06332348353212086
237.2,60.06558188034599,255.7423555657348,195.6767736853888,0.06331628635319218
237.4,60.13441818030813,255.77696001019615,195.64254182988802,0.06330908447322711
237.6,60.20327530091771,255.81156445465749,195.60828915373978,0.06330187789392598
237.8,60.272153230938535,255.84616889911882,195.5740156681803,0.06329466661698556
238.0,60.341051959149866,255.8807733435802,195.53972138443032,0.06328745064409909
238.2,60.409971474346506,255.9153777880415,195.505406313695,0.06328022997695623
238.4,60.478911765338694,255.94998223250286,195.47107046716417,0.06327300461724315
238.6,60.54787282095203,255.98458667696417,195.43671385601215,0.06326577456664248
238.8,60.61685463002749,256.01919112142554,195.40233649139805,0.06325853982683331
239.0,60.68585718142145,256.05379556588684,195.3679383844654,0.06325130039949124
239.2,60.75488046400552,256.0884000103482,195.3335195463427,0.06324405628628836
239.4,60.82392446666664,256.1230044548096,195.29907998814292,0.06323680748889322
239.6,60.89298917830693,256.1576088992709,195.26461972096396,0.06322955400897093
239.8,60.96207458784379,256.1922133437322,195.2301387558884,0.06322229584818306
240.0,61.0311806842097,256.22681778819356,195.19563710398387,0.06321503300818776
240.2,61.10030745635235,256.2614222326549,195.16111477630258,0.06320776549063964
240.4,61.169454893234516,256.29602667711623,195.12657178388173,0.06320049329718987
240.6,61.23862298383401,256.33063112157754,195.09200813774353,0.06319321642948615
240.8,61.307811717143714,256.3652355660389,195.05742384889518,0.06318593488917276
241.0,61.37702108217153,256.39984001050027,195.02281892832875,0.06317864867789051
241.2,61.446251067940274,256.4344444549616,194.9881933870213,0.06317135779727671
241.4,61.51550166348779,256.46904889942294,194.95354723593516,0.06316406224896533
241.6,61.58477285786672,256.50365334388425,194.91888048601754,0.06315676203458682
241.8,61.654064640144675,256.5382577883456,194.88419314820095,0.0631494571557683
242.0,61.72337699940404,256.5728622328069,194.8494852334029,0.06314214761413335
242.2,61.79270992474204,256.6074666772683,194.81475675252625,0.06313483341130227
242.4,61.86206340527072,256.6420711217296,194.7800077164589,0.06312751454889183
242.6,61.93143743011676,256.67667556619097,194.7452381360742,0.06312019102851553
242.8,62.00083198842165,256.7112800106523,194.71044802223062,0.06311286285178337
243.0,62.07024706934151,256.74588445511364,194.67563738577212,0.06310553002030202
243.2,62.139682662047136,256.78048889957495,194.6408062375278,0.06309819253567474
243.4,62.20913875572393,256.8150933440363,194.6059545883124,0.06309085039950144
243.6,62.27861533957185,256.8496977884977,194.57108244892584,0.06308350361337864
243.8,62.34811240280548,256.884302232959,194.53618983015352,0.0630761521788995
244.0,62.417629934653824,256.9189066774203,194.50127674276646,0.06306879609765384
244.2,62.487167924360456,256.95351112188166,194.4663431975212,0.06306143537122816
244.4,62.55672636118341,256.988115566343,194.43138920515963,0.06305407000120554
244.6,62.62630523439509,257.02272001080433,194.39641477640924,0.06304669998916573
244.8,62.695904533282345,257.05732445526564,194.3614199219833,0.06303932533668524
245.0,62.76552424714638,257.091928899727,194.32640465258064,0.06303194604533717
245.2,62.83516436530268,257.1265333441884,194.29136897888569,0.06302456211669133
245.4,62.90482487708115,257.1611377886497,194.25631291156853,0.06301717355231418
245.6,62.97450577182583,257.19574223311105,194.22123646128523,0.06300978035376893
245.8,63.044207038895145,257.23034667757236,194.18613963867722,0.06300238252261543
246.0,63.11392866766159,257.2649511220337,194.15102245437214,0.0629949800604103
246.2,63.183670647511924,257.29955556649503,194.1158849189831,0.0629875729687068
246.4,63.25343296784707,257.3341600109564,194.08072704310933,0.06298016124905496
246.6,63.323215618082,257.3687644554177,194.0455488373357,0.06297274490300149
246.8,63.39301858764586,257.40336889987907,194.01035031223321,0.06296532393208987
247.0,63.4628418659818,257.43797334434043,193.97513147835863,0.06295789833786028
247.2,63.53268544254698,257.47257778880174,193.93989234625477,0.06295046812184962
247.4,63.60254930681262,257.50718223326305,193.90463292645043,0.06294303328559162
247.6,63.67243344826387,257.5417866777244,193.86935322946056,0.06293559383061666
247.8,63.74233785639986,257.5763911221858,193.83405326578594,0.06292814975845193
248.0,63.812262520733555,257.6109955666471,193.79873304591354,0.06292070107062135
248.2,63.88220743079189,257.6456000111084,193.76339258031652,0.06291324776864567
248.4,63.95217257611558,257.68020445556976,193.7280318794542,0.06290578985404235
248.6,64.02215794625921,257.71480890003113,193.69265095377193,0.06289832732832565
248.8,64.09216353079113,257.74941334449244,193.6572498137013,0.0628908601930066
249.0,64.16218931929346,257.7840177889538,193.62182846966033,0.06288338844959307
249.2,64.23223530136205,257.8186222334151,193.58638693205307,0.06287591209958966
249.4,64.30230146660647,257.8532266778765,193.55092521127,0.0628684311444978
249.6,64.37238780464992,257.8878311223378,193.51544331768787,0.06286094558581576
249.8,64.44249430512934,257.92243556679915,193.4799412616698,0.06285345542503856
250.0,64.51262095769518,257.95704001126046,193.4444190535653,0.0628459606636581
250.2,64.58276775201153,257.9916444557218,193.4088767037103,0.06283846130316302
250.4,64.65293467775608,258.02624890018313,193.37331422242704,0.06283095734503888
250.6,64.72312172461996,258.0608533446445,193.33773162002456,0.06282344879076804
250.8,64.79332888230788,258.0954577891058,193.30212890679792,0.06281593564182963
251.0,64.863556140538,258.1300622335672,193.2665060930292,0.06280841789969979
251.2,64.9338034890419,258.1646666780285,193.23086318898658,0.06280089556585132
251.4,65.00407091756463,258.19927112248985,193.19520020492521,0.06279336864175403
251.6,65.07435841586458,258.23387556695116,193.15951715108656,0.06278583712887448
251.8,65.14466597371354,258.2684800114125,193.123814037699,0.06277830102867617
252.0,65.2149935808966,258.3030844558739,193.0880908749773,0.06277076034261944
252.2,65.28534122721219,258.3376889003352,193.052347673123,0.06276321507216151
252.4,65.355708902472,258.37229334479656,193.01658444232456,0.06275566521875649
252.6,65.42609659650095,258.40689778925787,192.98080119275693,0.06274811078385537
252.8,65.49650429913724,258.44150223371923,192.94499793458198,0.06274055176890603
253.0,65.56693200023219,258.47610667818054,192.90917467794836,0.06273298817535328
253.2,65.63737968965036,258.51071112264185,192.8733314329915,0.06272542000463877
253.4,65.70784735726942,258.5453155671032,192.8374682098338,0.06271784725820112
253.6,65.77833499298008,258.5799200115646,192.8015850185845,0.06271026993747587
253.8,65.84884258668629,258.6145244560259,192.7656818693396,0.06270268804389542
254.0,65.9193701283049,258.64912890048726,192.72975877218235,0.06269510157888913
254.2,65.9899176077659,258.68373334494856,192.69381573718266,0.06268751054388329
254.4,66.06048501501226,258.71833778940993,192.65785277439767,0.06267991494030112
254.6,66.13107233999986,258.75294223387124,192.62186989387138,0.06267231476956277
254.8,66.20167957269764,258.7875466783326,192.58586710563497,0.06266471003308535
255.0,66.27230670308737,258.8221511227939,192.54984441970655,0.06265710073228292
255.2,66.34295372116374,258.8567555672553,192.51380184609155,0.06264948686856653
255.4,66.41362061693437,258.89136001171664,192.47773939478228,0.06264186844334409
255.6,66.4843073804196,258.92596445617795,192.44165707575837,0.06263424545802056
255.8,66.55501400165272,258.96056890063926,192.40555489898654,0.06262661791399783
256.0,66.6257404706797,258.9951733451006,192.3694328744209,0.06261898581267482
256.2,66.69648677755934,259.029777789562,192.33329101200263,0.06261134915544739
256.4,66.76725291236318,259.0643822340233,192.29712932166012,0.06260370794370836
256.6,66.83803886517546,259.09898667848466,192.2609478133092,0.06259606217884758
256.8,66.90884462609304,259.133591122946,192.22474649685293,0.06258841186225188
257.0,66.97967018522553,259.16819556740734,192.1885253821818,0.06258075699530512
257.2,67.05051553269512,259.20280001186865,192.15228447917355,0.0625730975793881
257.4,67.12138065863662,259.23740445633,192.1160237976934,0.06256543361587871
257.6,67.19226555319744,259.2720089007913,192.07974334759388,0.06255776510615177
257.8,67.26317020653751,259.3066133452527,192.0434431387152,0.06255009205157921
258.0,67.3340946088293,259.341217789714,192.0071231808847,0.06254241445352988
258.2,67.4050387502578,259.37582223417536,191.97078348391756,0.0625347323133698
258.4,67.47600262102047,259.41042667863667,191.93442405761618,0.06252704563246185
258.6,67.54698621132725,259.44503112309803,191.8980449117708,0.06251935441216612
258.8,67.6179895114004,259.4796355675594,191.861646056159,0.06251165865383963
259.0,67.68901251147471,259.5142400120207,191.825227500546,0.06250395835883649
259.2,67.7600552017973,259.548844456482,191.78878925468473,0.062496253528507836
259.4,67.83111757262762,259.5834489009434,191.75233132831576,0.06248854416420191
259.6,67.90219961423746,259.61805334540475,191.71585373116727,0.06248083026726397
259.8,67.97330131691093,259.65265778986605,191.67935647295513,0.062473111839036366
260.0,68.04442267094437,259.68726223432736,191.642839563383,0.062465388880858536
260.2,68.1155636666464,259.72186667878873,191.60630301214235,0.06245766139406696
260.4,68.18672429433788,259.7564711232501,191.56974682891223,0.06244992937999523
260.6,68.2579045443519,259.7910755677114,191.5331710233595,0.06244219283997396
260.8,68.32910440703361,259.82568001217277,191.49657560513916,0.06243445177533095
261.0,68.40032387274039,259.8602844566341,191.4599605838937,0.06242670618739103
261.2,68.47156293184179,259.89488890109544,191.42332596925365,0.06241895607747616
261.4,68.54282157471937,259.92949334555675,191.38667177083738,0.06241120144690539
261.6,68.61409979176683,259.9640977900181,191.3499979982513,0.06240344229699489
261.8,68.68539757338993,259.9987022344794,191.3133046610895,0.0623956786290579
262.0,68.75671491000638,260.0333066789408,191.2765917689344,0.062387910444404865
262.2,68.828051792046,260.0679111234021,191.23985933135612,0.06238013774434328
262.4,68.89940820995052,260.10251556786346,191.20310735791293,0.06237236053017778
262.6,68.97078415417367,260.1371200123248,191.16633585815111,0.06236457880321014
262.8,69.04217961518107,260.17172445678614,191.12954484160508,0.06235679256473931
263.0,69.11359458345025,260.20632890124745,191.09273431779718,0.06234900181606131
263.2,69.1850290494707,260.2409333457088,191.0559042962381,0.062341206558469364
263.4,69.25648300374368,260.2755377901701,191.01905478642644,0.06233340679325379
263.6,69.32795643678236,260.3101422346315,190.98218579784913,0.06232560252170212
263.8,69.39944933911163,260.34474667909285,190.9452973399812,0.06231779374509901
264.0,69.47096170126827,260.37935112355416,190.9083894222859,0.062309980464726286
264.2,69.54249351380076,260.41395556801547,190.8714620542147,0.06230216268186292
264.4,69.61404476726936,260.44856001247683,190.83451524520746,0.062294340397785114
264.6,69.68561545224608,260.4831644569382,190.79754900469212,0.06228651361376618
264.8,69.7572055593145,260.5177689013995,190.760563342085,0.06227868233107664
265.0,69.82881507906998,260.5523733458608,190.72355826679083,0.062270846550984214
265.2,69.90044400211954,260.5869777903222,190.68653378820264,0.0622630062747538
265.4,69.97209231908178,260.62158223478355,190.64948991570176,0.062255161503647474
265.6,70.0437600205869,260.65618667924485,190.61242665865797,0.06224731223892452
265.8,70.11544709727669,260.6907911237062,190.57534402642955,0.06223945848184145
266.0,70.18715353980451,260.7253955681675,190.53824202836302,0.06223160023365192
266.2,70.25887933883521,260.7600000126289,190.50112067379368,0.06222373749560688
266.4,70.33062448504523,260.7946044570902,190.46397997204497,0.06221587026895442
266.6,70.40238896912248,260.82920890155157,190.42681993242908,0.062207998554939886
266.8,70.47417278176623,260.8638133460129,190.38964056424663,0.06220012235480585
267.0,70.5459759136873,260.89841779047424,190.35244187678694,0.062192241669792085
267.2,70.61779835560793,260.9330222349356,190.31522387932768,0.06218435650113563
267.4,70.6896400982617,260.9676266793969,190.27798658113522,0.062176466850070715
267.6,70.76150113239363,261.0022311238582,190.2407299914646,0.06216857271782886
267.8,70.83338144876002,261.0368355683196,190.20345411955958,0.06216067410563881
268.0,70.90528103812855,261.07144001278095,190.1661589746524,0.062152771014726535
268.2,70.97719989127819,261.10604445724226,190.12884456596407,0.062144863446315285
268.4,71.0491379989992,261.14064890170357,190.09151090270439,0.06213695140162556
268.6,71.12109535209316,261.17525334616494,190.05415799407177,0.0621290348818751
268.8,71.19307194137274,261.2098577906263,190.01678584925355,0.06212111388827897
269.0,71.26506775766198,261.2444622350876,189.97939447742561,0.062113188422049416
269.2,71.33708279179605,261.279066679549,189.94198388775294,0.062105258484396034
269.4,71.40911703462133,261.3136711240103,189.90455408938897,0.062097324076525635
269.6,71.4811704769953,261.34827556847165,189.86710509147633,0.06208938519964237
269.8,71.55324310978659,261.38288001293296,189.82963690314637,0.062081441854947614
270.0,71.62533492387502,261.4174844573943,189.7921495335193,0.062073494043640084
270.2,71.69744591015133,261.45208890185563,189.75464299170432,0.06206554176691577
270.4,71.7695760595175,261.486693346317,189.7171172867995,0.06205758502596794
270.6,71.84172536288648,261.52129779077836,189.67957242789188,0.062049623821987185
270.8,71.91389381118219,261.55590223523967,189.64200842405748,0.06204165815616139
271.0,71.98608139533962,261.590506679701,189.60442528436135,0.06203368802967576
271.2,72.05828810630476,261.62511112416234,189.5668230178576,0.0620257134437128
271.4,72.1305139350345,261.65971556862365,189.52920163358914,0.06201773439945233
271.6,72.20275887249669,261.694320013085,189.49156114058832,0.062009750898071515
271.8,72.27502290967008,261.7289244575463,189.45390154787623,0.06200176294074481
272.0,72.34730603754436,261.7635289020077,189.41622286446335,0.061993770528644035
272.2,72.41960824712004,261.79813334646906,189.37852509934902,0.06198577366293828
272.4,72.49192952940852,261.83273779093037,189.34080826152183,0.06197777234479404
272.6,72.56426987543205,261.86734223539173,189.30307235995969,0.061969766575375104
272.8,72.63662927622357,261.90194667985304,189.26531740362947,0.06196175635584263
273.0,72.70900772282698,261.9365511243144,189.22754340148742,0.06195374168735514
273.2,72.78140520629682,261.9711555687757,189.1897503624789,0.06194572257106842
273.4,72.85382171769848,262.005760013237,189.15193829553854,0.06193769900813571
273.6,72.92625724810799,262.0403644576984,189.1141072095904,0.06192967099970758
273.8,72.99871178861207,262.07496890215975,189.07625711354768,0.061921638546931945
274.0,73.07118533030827,262.10957334662106,189.0383880163128,0.06191360165095407
274.2,73.14367786430462,262.1441777910824,189.00049992677782,0.06190556031291663
274.4,73.21618938171994,262.17878223554374,188.9625928538238,0.06189751453395964
274.6,73.28871987368363,262.2133866800051,188.92466680632145,0.06188946431522052
274.8,73.36126933133563,262.2479911244664,188.8867217931308,0.06188140965783408
275.0,73.43383774582652,262.2825955689278,188.84875782310127,0.06187335056293247
275.2,73.50642510831749,262.3172000133891,188.81077490507158,0.06186528703164524
275.4,73.57903140998016,262.35180445785045,188.7727730478703,0.06185721906509937
275.6,73.65165664199681,262.3864089023118,188.73475226031502,0.0618491466644192
275.8,73.72430079556005,262.4210133467731,188.69671255121307,0.06184106983072646
276.0,73.79696386187314,262.45561779123443,188.6586539293613,0.061832988565140315
276.2,73.8696458321497,262.4902222356958,188.6205764035461,0.061824902868777336
276.4,73.94234669761381,262.52482668015716,188.58247998254336,0.061816812742751484
276.6,74.01506644950003,262.55943112461847,188.54436467511846,0.061808718188174114
276.8,74.08780507905323,262.5940355690798,188.50623049002655,0.06180061920615404
277.0,74.16056257752871,262.62864001354114,188.46807743601244,0.061792515797797494
277.2,74.23333893619215,262.6632444580025,188.42990552181035,0.06178440796420811
277.4,74.30613414631955,262.6978489024638,188.39171475614427,0.06177629570648695
277.6,74.37894819919728,262.7324533469252,188.3535051477279,0.06176817902573252
277.8,74.45178108612188,262.7670577913865,188.3152767052646,0.06176005792304075
278.0,74.52463279840032,262.80166223584786,188.27702943744754,0.061751932399505036
278.2,74.59750332734978,262.83626668030917,188.23876335295938,0.061743802456216176
278.4,74.67039266429768,262.87087112477053,188.20047846047285,0.061735668094262446
278.6,74.74330080058164,262.90547556923184,188.1621747686502,0.06172752931472954
278.8,74.81622772754957,262.9400800136932,188.12385228614363,0.061719386118700634
279.0,74.88917343655945,262.97468445815457,188.08551102159512,0.06171123850725636
279.2,74.96213791897951,263.0092889026159,188.04715098363636,0.06170308648147476
279.4,75.03512116618813,263.0438933470772,188.00877218088905,0.061694930042431415
279.6,75.10812316957382,263.07849779153855,187.97037462196474,0.061686769191199295
279.8,75.18114392053509,263.1131022359999,187.93195831546484,0.06167860392884893
280.0,75.25418341048068,263.1477066804612,187.89352326998056,0.06167043425644819
280.2,75.32724163082936,263.18231112492253,187.8550694940932,0.06166226017506256
280.4,75.4003185730099,263.2169155693839,187.81659699637402,0.06165408168575495
280.6,75.4734142284612,263.25152001384527,187.77810578538407,0.06164589878958572
280.8,75.54652858863209,263.2861244583066,187.73959586967447,0.06163771148761274
281.0,75.6196616449814,263.32072890276794,187.70106725778652,0.0616295197808914
281.2,75.69281338897798,263.35533334722925,187.66251995825127,0.06162132367047455
281.4,75.76598381210064,263.3899377916906,187.62395397958997,0.06161312315741255
281.6,75.83917290583814,263.4245422361519,187.58536933031377,0.061604918242753215
281.8,75.91238066168907,263.4591466806133,187.54676601892422,0.06159670892754195
282.0,75.98560707116198,263.4937511250746,187.50814405391262,0.0615884952128216
282.2,76.05885212577537,263.52835556953596,187.46950344376057,0.06158027709963253
282.4,76.1321158170575,263.56296001399727,187.43084419693977,0.06157205458901262
282.6,76.20539813654655,263.59756445845863,187.3921663219121,0.0615638276819973
282.8,76.27869907579048,263.63216890291994,187.35346982712946,0.06155559637961945
283.0,76.35201862634707,263.6667733473813,187.31475472103423,0.06154736068290956
283.2,76.42535677978393,263.7013777918426,187.2760210120587,0.061539120592895555
283.4,76.4987135276784,263.735982236304,187.23726870862558,0.061530876110602956
283.6,76.57208886161763,263.7705866807653,187.19849781914766,0.06152262723705479
283.8,76.6454827731984,263.80519112522666,187.15970835202825,0.06151437397327163
284.0,76.71889525402732,263.839795569688,187.12090031566072,0.06150611632027156
284.2,76.79232629572068,263.87440001414933,187.08207371842866,0.06149785427907023
284.4,76.86577588990438,263.90900445861064,187.04322856870624,0.06148958785068082
284.6,76.93924402821408,263.943608903072,187.0043648748579,0.06148131703611412
284.8,77.01273070229503,263.97821334753337,186.96548264523835,0.061473041836378375
285.0,77.08623590380212,264.0128177919947,186.92658188819257,0.061464762252479425
285.2,77.15975962439985,264.047422236456,186.88766261205615,0.061456478285420696
285.4,77.23330185576233,264.08202668091735,186.84872482515502,0.061448189936203136
285.6,77.30686258957329,264.1166311253787,186.80976853580543,0.06143989720582528
285.8,77.38044181752583,264.15123556984,186.7707937523142,0.0614316000952832
286.0,77.45403953132285,264.1858400143014,186.73180048297854,0.06142329860557058
286.2,77.52765572267658,264.2204444587627,186.69278873608613,0.06141499273767865
286.4,77.60129038330884,264.25504890322406,186.65375851991524,0.061406682492596225
286.6,77.67494350495093,264.2896533476854,186.61470984273444,0.06139836787130967
286.8,77.74861507934361,264.32425779214674,186.57564271280313,0.061390048874803
287.0,77.82230509823705,264.35886223660805,186.536557138371,0.061381725504057724
287.2,77.89601355339096,264.3934666810694,186.49745312767845,0.06137339776005303
287.4,77.96974043657436,264.4280711255307,186.45833068895638,0.06136506564376562
287.6,78.04348573956575,264.4626755699921,186.41918983042632,0.061356729156169854
287.8,78.11724945415295,264.4972800144534,186.38003056030044,0.06134838829823764
288.0,78.1910315721332,264.53188445891476,186.34085288678156,0.06134004307093853
288.2,78.26483208531303,264.5664889033761,186.3016568180631,0.06133169347523963
288.4,78.33865098550841,264.60109334783743,186.262442362329,0.06132333951210567
288.6,78.41248826454449,264.6356977922988,186.2232095277543,0.06131498118249903
288.8,78.48634391425578,264.6703022367601,186.18395832250434,0.061306618487379644
289.0,78.56021792648612,264.7049066812215,186.14468875473534,0.06129825142770508
289.2,78.63411029308851,264.7395111256828,186.10540083259428,0.061289880004430544
289.4,78.70802100592527,264.77411557014415,186.06609456421887,0.06128150421850885
289.6,78.78195005686797,264.80872001460546,186.02676995773749,0.0612731240708904
289.8,78.8558974377973,264.8433244590668,185.98742702126953,0.061264739562523304
290.0,78.92986314060322,264.87792890352813,185.9480657629249,0.061256350694353215
290.2,79.00384715718484,264.9125333479895,185.90868619080464,0.061247957467323484
290.4,79.07784947945049,264.9471377924508,185.8692883130003,0.06123955988237505
290.6,79.15187009931756,264.98174223691217,185.8298721375946,0.06123115794044651
290.8,79.22590900871262,265.01634668137353,185.79043767266091,0.06122275164247411
291.0,79.29996619957134,265.05095112583484,185.7509849262635,0.061214340989391706
291.2,79.3740416638385,265.08555557029615,185.71151390645764,0.06120592598213084
291.4,79.44813539346791,265.1201600147575,185.6720246212896,0.06119750662162071
291.6,79.52224738042257,265.1547644592189,185.6325170787963,0.06118908290878813
291.8,79.59637761667433,265.1893689036802,185.59299128700587,0.061180654844557564
292.0,79.67052609420426,265.2239733481415,185.55344725393724,0.06117222242985117
292.2,79.74469280500233,265.25857779260286,185.51388498760053,0.06116378566558876
292.4,79.81887774106757,265.29318223706423,185.47430449599665,0.06115534455268778
292.6,79.89308089440796,265.32778668152554,185.4347057871176,0.06114689909206335
292.8,79.9673022570404,265.3623911259869,185.39508886894652,0.06113844928462832
293.0,80.04154182099086,265.3969955704482,185.35545374945735,0.061129995131293094
293.2,80.11579957829412,265.4316000149096,185.31580043661546,0.06112153663296588
293.4,80.19007552099396,265.4662044593709,185.27612893837693,0.06111307379055245
293.6,80.26436964114306,265.50080890383225,185.2364392626892,0.06110460660495633
293.8,80.33868193080289,265.53541334829356,185.19673141749067,0.061096135077078687
294.0,80.4130123820439,265.5700177927549,185.157005410711,0.061087659207818425
294.2,80.48736098694533,265.60462223721623,185.1172612502709,0.06107917899807206
294.4,80.56172773759532,265.6392266816776,185.07749894408227,0.061070694448733864
294.6,80.63611262609075,265.6738311261389,185.03771850004816,0.06106220556069578
294.8,80.71051564453731,265.7084355706003,184.99791992606296,0.061053712334847444
295.0,80.78493678504958,265.7430400150616,184.958103230012,0.06104521477207616
295.2,80.85937603975083,265.77764445952295,184.91826841977212,0.06103671287326701
295.4,80.93383340077307,265.81224890398425,184.8784155032112,0.061028206639302696
295.6,81.00830886025717,265.8468533484456,184.83854448818846,0.06101969607106368
295.8,81.08280241035256,265.881457792907,184.79865538255444,0.06101118116942813
296.0,81.1573140432175,265.9160622373683,184.7587481941508,0.061002661935271874
296.2,81.23184375101891,265.9506666818296,184.7188229308107,0.06099413836946852
296.4,81.30639152593243,265.98527112629097,184.67887960035853,0.060985610472889376
296.6,81.38095736014229,266.01987557075233,184.63891821061003,0.06097707824640344
296.8,81.45554124584142,266.05448001521364,184.59893876937224,0.060968541690877454
297.0,81.53014317523139,266.08908445967495,184.55894128444356,0.06096000080717587
297.2,81.60476314052232,266.1236889041363,184.518925763614,0.06095145559616091
297.4,81.67940113393304,266.1582933485977,184.47889221466465,0.06094290605869247
297.6,81.75405714769093,266.192897793059,184.43884064536806,0.06093435219562818
297.8,81.82873117403186,266.22750223752035,184.39877106348848,0.06092579400782348
298.0,81.90342320520035,266.26210668198166,184.35868347678132,0.06091723149613146
298.2,81.97813323344946,266.29671112644303,184.31857789299357,0.06090866466140299
298.4,82.05286125104077,266.33131557090434,184.27845431986356,0.06090009350448665
298.6,82.12760725024431,266.3659200153657,184.2383127651214,0.060891518026228844
298.8,82.20237122333867,266.400524459827,184.19815323648834,0.060882938227473614
299.0,82.27715316261093,266.4351289042884,184.15797574167743,0.06087435410906284
299.2,82.35195306035656,266.46973334874974,184.1177802883932,0.060865765671836145
299.4,82.4267709088796,266.50433779321105,184.07756688433145,0.060857172916630814
299.6,82.50160670049247,266.53894223767236,184.0373355371799,0.060848575844281994
299.8,82.57646042751594,266.5735466821337,183.99708625461778,0.06083997445562256
300.0,82.65133208227928,266.6081511265951,183.9568190443158,0.06083136875148315
300.2,82.72622165712016,266.6427555710564,183.91653391393623,0.06082275873269214
300.4,82.80112914438456,266.6773600155177,183.87623087113315,0.06081414440007571
300.6,82.87605453642692,266.7119644599791,183.83590992355215,0.060805525754457766
300.8,82.95099782560987,266.74656890444044,183.79557107883056,0.06079690279666006
301.0,83.02595900430454,266.78117334890175,183.75521434459722,0.06078827552750202
301.2,83.10093806489033,266.8157777933631,183.71483972847278,0.06077964394780092
301.4,83.17593499975484,266.8503822378244,183.67444723806958,0.060771008058371795
301.6,83.25094980129413,266.8849866822858,183.63403688099166,0.060762367860027464
301.8,83.32598246191243,266.9195911267471,183.59360866483468,0.06075372335357851
302.0,83.40103297402224,266.95419557120846,183.5531625971862,0.060745074539833334
302.2,83.47610133004432,266.98880001566977,183.51269868562545,0.060736421419598084
302.4,83.55118752240767,267.02340446013113,183.47221693772346,0.060727763993676756
302.6,83.62629154354953,267.0580089045925,183.43171736104296,0.06071910226287107
302.8,83.70141338591526,267.0926133490538,183.39119996313855,0.060710436227980585
303.0,83.7765530419585,267.1272177935151,183.35066475155662,0.06070176588980265
303.2,83.85171050414102,267.1618222379765,183.31011173383547,0.060693091249132435
303.4,83.92688576493276,267.1964266824378,183.26954091750503,0.060684412306762844
303.6,84.00207881681182,267.23103112689915,183.22895231008732,0.060675729063484674
303.8,84.07728965226443,267.26563557136046,183.18834591909604,0.06066704152008645
304.0,84.15251826378486,267.3002400158218,183.14772175203697,0.06065834967735458
304.2,84.22776464387562,267.3348444602832,183.10707981640758,0.060649653536073225
304.4,84.30302878504722,267.3694489047445,183.06642011969728,0.06064095309702436
304.6,84.3783106798183,267.40405334920587,183.02574266938757,0.0606322483609878
304.8,84.45361032071547,267.4386577936672,182.9850474729517,0.06062353932874119
305.0,84.52892770027347,267.47326223812854,182.94433453785507,0.06061482600105998
305.2,84.60426281103508,267.50786668258985,182.90360387155476,0.06060610837871742
305.4,84.67961564555107,267.54247112705116,182.8628554815001,0.06059738646248461
305.6,84.7549861963802,267.5770755715125,182.82208937513232,0.06058866025313048
305.8,84.83037445608925,267.6116800159739,182.78130555988463,0.06057992975142178
306.0,84.90578041725296,267.6462844604352,182.74050404318223,0.060571194958123076
306.2,84.98120407245405,267.68088890489656,182.69968483244253,0.06056245587399681
306.4,85.0566454142832,267.71549334935787,182.65884793507468,0.06055371249980319
306.6,85.13210443533904,267.75009779381924,182.6179933584802,0.06054496483630034
306.8,85.20758112822803,267.78470223828054,182.57712111005253,0.060536212884244184
307.0,85.28307548556465,267.8193066827419,182.53623119717724,0.06052745664438847
307.2,85.35858749997125,267.8539111272032,182.49532362723198,0.06051869611748484
307.4,85.434117164078,267.8885155716646,182.45439840758658,0.06050993130428274
307.6,85.50966447052306,267.92312001612595,182.4134555456029,0.060501162205529486
307.8,85.58522941195233,267.95772446058726,182.37249504863493,0.060492388821970215
308.0,85.66081198101958,267.99232890504857,182.331516924029,0.060483611154347965
308.2,85.73641217038646,268.02693334950993,182.29052117912346,0.06047482920340359
308.4,85.81202997272236,268.0615377939713,182.24950782124893,0.06046604296987584
308.6,85.88766538070459,268.0961422384326,182.20847685772802,0.060457252454501245
308.8,85.96331838701809,268.1307466828939,182.16742829587582,0.06044845765801429
309.0,86.0389889843557,268.1653511273553,182.1263621429996,0.06043965858114729
309.2,86.11467716541797,268.19995557181664,182.0852784063987,0.0604308552246304
309.4,86.19038292291322,268.23456001627795,182.04417709336474,0.060422047589191646
309.6,86.2661062495575,268.2691644607393,182.00305821118184,0.06041323567555697
309.8,86.34184713807456,268.3037689052006,181.96192176712606,0.060404419484450106
310.0,86.41760558119587,268.338373349662,181.92076776846613,0.06039559901659276
310.2,86.49338157166062,268.3729777941233,181.87959622246268,0.06038677427270443
310.4,86.56917510221565,268.40758223858467,181.83840713636903,0.060377945253502555
310.6,86.64498616561555,268.442186683046,181.79720051743044,0.06036911195970236
310.8,86.72081475462241,268.47679112750734,181.75597637288493,0.06036027439201708
311.0,86.7966608620061,268.5113955719687,181.7147347099626,0.06035143255115774
311.2,86.8725244805441,268.54600001643,181.67347553588593,0.060342586437833266
311.4,86.94840560302147,268.5806044608913,181.63219885786987,0.06033373605275049
311.6,87.0243042222309,268.6152089053527,181.59090468312178,0.06032488139661414
311.8,87.10022033097263,268.64981334981405,181.54959301884142,0.06031602247012682
312.0,87.17615392205454,268.68441779427536,181.50826387222082,0.06030715927398902
312.2,87.25210498829205,268.71902223873667,181.46691725044462,0.060298291808899125
312.4,87.32807352250812,268.75362668319804,181.4255531606899,0.06028942007555346
312.6,87.40405951753334,268.7882311276594,181.38417161012606,0.0602805440746462
312.8,87.48006296620564,268.8228355721207,181.34277260591506,0.06027166380686942
313.0,87.55608386137062,268.8574400165821,181.30135615521147,0.06026277927291315
313.2,87.63212219588138,268.8920444610434,181.259922265162,0.060253890473465264
313.4,87.70817796259844,268.92664890550475,181.21847094290632,0.06024499740921159
313.6,87.78425115438985,268.96125334996606,181.17700219557622,0.060236100080835825
313.8,87.86034176413105,268.9958577944274,181.13551603029637,0.060227198489019626
314.0,87.93644978470506,269.03046223888873,181.09401245418366,0.0602182926344425
314.2,88.01257520900222,269.0650666833501,181.05249147434787,0.06020938251778194
314.4,88.08871802992034,269.0996711278114,181.01095309789105,0.06020046813971329
314.6,88.16487824036473,269.13427557227277,180.96939733190806,0.06019154950090985
314.8,88.24105583324791,269.1688800167341,180.92782418348617,0.060182626602042835
315.0,88.31725080148993,269.20348446119544,180.8862336597055,0.06017369944378139
315.2,88.39346313801825,269.23808890565675,180.8446257676385,0.06016476802679254
315.4,88.46969283576759,269.2726933501181,180.80300051435052,0.06015583235174131
315.6,88.54593988768006,269.3072977945794,180.76135790689938,0.06014689241929058
315.8,88.62220428670514,269.3419022390408,180.71969795233565,0.060137948230101206
316.0,88.69848602579961,269.37650668350216,180.67802065770255,0.06012899978483195
316.2,88.77478509792755,269.41111112796347,180.63632603003592,0.06012004708413952
316.4,88.8511014960604,269.4457155724248,180.5946140763644,0.06011109012867855
316.6,88.92743521317688,269.48032001688614,180.55288480370928,0.06010212891910165
316.8,89.00378624226288,269.5149244613475,180.51113821908461,0.06009316345605929
317.0,89.0801545763117,269.5495289058088,180.4693743294971,0.06008419374019995
317.2,89.15654020832385,269.5841333502701,180.42759314194626,0.060075219772170035
317.4,89.23294313130705,269.6187377947315,180.38579466342443,0.06006624155261389
317.6,89.30936333827631,269.65334223919285,180.34397890091654,0.06005725908217379
317.8,89.38580082225377,269.68794668365416,180.3021458614004,0.060048272361489956
318.0,89.46225557626887,269.7225511281155,180.26029555184664,0.06003928139120061
318.2,89.5387275933582,269.75715557257683,180.21842797921863,0.06003028617194186
318.4,89.61521686656553,269.7917600170382,180.17654315047267,0.06002128670434782
318.6,89.69172338894184,269.8263644614995,180.13464107255766,0.06001228298905048
318.8,89.76824715354518,269.8609689059609,180.09272175241568,0.06000327502667992
319.0,89.84478815344083,269.8955733504222,180.05078519698134,0.05999426281786403
319.2,89.92134638170121,269.93017779488355,180.00883141318235,0.05998524636322878
319.4,89.99792183140585,269.96478223934486,179.966860407939,0.05997622566339798
319.6,90.07451449564132,269.9993866838062,179.9248721881649,0.05996720071899356
319.8,90.15112436750138,270.03399112826753,179.88286676076615,0.05995817153063525
320.0,90.22775144008686,270.0685955727289,179.84084413264202,0.059949138098940855
320.2,90.30439570650562,270.10320001719026,179.79880431068466,0.05994010042452615
320.4,90.38105715987264,270.13780446165157,179.75674730177894,0.05993105850800478
320.6,90.45773579330996,270.17240890611293,179.71467311280298,0.059922012349988465
320.8,90.53443159994659,270.20701335057424,179.67258175062767,0.05991296195108686
321.0,90.61114457291863,270.2416177950356,179.63047322211696,0.05990390731190759
321.2,90.68787470536918,270.2762222394969,179.58834753412773,0.05989484843305626
321.4,90.76462199044839,270.3108266839583,179.54620469350988,0.05988578531513647
321.6,90.84138642131333,270.3454311284196,179.50404470710626,0.05987671795874977
321.8,90.91816799112809,270.38003557288096,179.46186758175287,0.05986764636449571
322.0,90.99496669306374,270.41464001734226,179.4196733242785,0.059858570532971826
322.2,91.0717825202983,270.44924446180363,179.37746194150532,0.05984949046477364
322.4,91.14861546601675,270.48384890626494,179.3352334402482,0.05984040616049463
322.6,91.22546552341107,270.5184533507263,179.29298782731524,0.059831317620726306
322.8,91.30233268567997,270.55305779518767,179.2507251095077,0.05982222484605814
323.0,91.3792169460293,270.587662239649,179.20844529361966,0.05981312783707759
323.2,91.4561182976717,270.6222666841103,179.16614838643858,0.059804026594370126
323.4,91.53303673382672,270.65687112857165,179.12383439474493,0.05979492111851922
323.6,91.6099722477208,270.691475573033,179.0815033253122,0.059785811410106304
323.8,91.68692483258725,270.7260800174943,179.0391551849071,0.05977669746971084
324.0,91.76389448166623,270.76068446195563,178.9967899802894,0.05976757929791026
324.2,91.84088118820476,270.795288906417,178.95440771821222,0.059758456895280046
324.4,91.91788494545668,270.82989335087836,178.9120084054217,0.059749330262393624
324.6,91.99490574668272,270.8644977953397,178.86959204865695,0.05974019939982243
324.8,92.07194358515028,270.89910223980104,178.82715865465076,0.059731064308135975
325.0,92.14899845413372,270.93370668426235,178.78470823012862,0.05972192498790169
325.2,92.22607034691413,270.9683111287237,178.74224078180958,0.05971278143968506
325.4,92.30315925677937,271.002915573185,178.69975631640565,0.05970363366404957
325.6,92.38026517702411,271.0375200176464,178.65725484062227,0.05969448166155671
325.8,92.4573881009497,271.0721244621077,178.614736361158,0.059685325432766
326.0,92.53452802186432,271.10672890656906,178.57220088470473,0.059676164978234955
326.2,92.61168493308286,271.14133335103037,178.5296484179475,0.05966700029851912
326.4,92.68885882792692,271.17593779549173,178.4870789675648,0.05965783139417205
326.6,92.76604969972487,271.21054223995304,178.44449254022817,0.059648658265745315
326.8,92.84325754181171,271.2451466844144,178.4018891426027,0.05963948091378851
327.0,92.92048234752917,271.2797511288757,178.35926878134654,0.059630299338849266
327.2,92.99772411022568,271.3143555733371,178.3166314631114,0.05962111354147322
327.4,93.07498282325633,271.3489600177984,178.27397719454206,0.059611923522204
327.6,93.15225847998289,271.38356446225976,178.23130598227687,0.05960272928158335
327.8,93.22955107377372,271.4181689067211,178.1886178329474,0.059593530820150946
328.0,93.30686059800387,271.45277335118243,178.14591275317855,0.05958432813844457
328.2,93.38418704605502,271.48737779564374,178.10319074958872,0.059575121236999956
328.4,93.46153041131547,271.5219822401051,178.06045182878964,0.05956591011635097
328.6,93.5388906871801,271.55658668456647,178.01769599738637,0.05955669477702941
328.8,93.61626786705044,271.5911911290278,177.97492326197732,0.059547475219565146
329.0,93.69366194433452,271.6257955734891,177.93213362915458,0.05953825144448614
329.2,93.77107291244702,271.66040001795045,177.8893271055034,0.05952902345231831
329.4,93.84850076480922,271.6950044624118,177.8465036976026,0.05951979124358564
329.6,93.92594549484886,271.7296089068731,177.80366341202426,0.059510554818810166
329.8,94.00340709600025,271.7642133513345,177.76080625533424,0.059501314178511976
330.0,94.08088556170426,271.7988177957958,177.71793223409153,0.059492069323209155
330.2,94.15838088540832,271.83342224025716,177.67504135484884,0.05948282025341789
330.4,94.23589306056627,271.8680266847185,177.6321336241522,0.059473566969652364
330.6,94.31342208063857,271.90263112917984,177.58920904854125,0.05946430947242482
330.8,94.39096793909208,271.93723557364115,177.54626763454905,0.05945504776224558
331.0,94.46853062940018,271.9718400181025,177.50330938870235,0.05944578183962301
331.2,94.54611014504273,272.0064444625639,177.46033431752113,0.05943651170506346
331.4,94.62370647950604,272.0410489070252,177.41734242751915,0.05942723735907142
331.6,94.70131962628292,272.0756533514865,177.37433372520357,0.05941795880214936
331.8,94.7789495788725,272.11025779594786,177.33130821707536,0.0594086760347979
332.0,94.85659633078045,272.1448622404092,177.28826590962876,0.059399389057515614
332.2,94.93425987551885,272.17946668487053,177.24520680935169,0.059390097870799186
332.4,95.01194020660613,272.21407112933184,177.2021309227257,0.05938080247514335
332.6,95.08963731756721,272.2486755737932,177.15903825622598,0.059371502871040906
332.8,95.1673512019333,272.2832800182546,177.1159288163213,0.059362199058982726
333.0,95.24508185324204,272.3178844627159,177.07280260947385,0.05935289103945769
333.2,95.32282926503747,272.35248890717725,177.0296596421398,0.059343578812952824
333.4,95.40059343086993,272.38709335163855,176.9864999207686,0.05933426237995314
333.6,95.47837434429621,272.4216977960999,176.9433234518037,0.05932494174094178
333.8,95.55617199887928,272.45630224056123,176.90013024168195,0.05931561689639993
334.0,95.63398638818856,272.4909066850226,176.85692029683403,0.059306287846806825
334.2,95.71181750579979,272.5255111294839,176.81369362368412,0.05929695459263978
334.4,95.78966534529494,272.56011557394527,176.77045022865033,0.05928761713437424
334.6,95.86752990026235,272.59472001840663,176.72719011814428,0.059278275472483634
334.8,95.94541116429664,272.62932446286794,176.6839132985713,0.059268929607439506
335.0,96.02330913099867,272.66392890732925,176.6406197763306,0.05925957953971148
335.2,96.10122379397562,272.6985333517906,176.59730955781498,0.059250225269767254
335.4,96.1791551468409,272.7331377962519,176.553982649411,0.059240866798072604
335.6,96.25710318321421,272.7677422407133,176.51063905749908,0.05923150412509138
335.8,96.3350678967214,272.8023466851746,176.4672787884532,0.05922213725128551
336.0,96.41304928099463,272.83695112963596,176.42390184864132,0.05921276617711501
336.2,96.49104732967228,272.87155557409733,176.38050824442504,0.059203390903037986
336.4,96.5690620363989,272.90616001855864,176.33709798215972,0.05919401142951059
336.6,96.6470933948253,272.94076446302,176.2936710681947,0.05918462775698713
336.8,96.7251413986084,272.9753689074813,176.2502275088729,0.059175239885919925
337.0,96.80320604141136,273.0099733519427,176.20676731053132,0.05916584781675943
337.2,96.88128731690348,273.044577796404,176.16329047950052,0.059156451549954164
337.4,96.95938521876026,273.0791822408653,176.11979702210505,0.059147051085950766
337.6,97.03749974066338,273.11378668532666,176.07628694466328,0.05913764642519391
337.8,97.11563087630053,273.148391129788,176.03276025348748,0.059128237568126435
338.0,97.19377861936564,273.18299557424933,175.9892169548837,0.05911882451518921
338.2,97.27194296355879,273.2176000187107,175.9456570551519,0.05910940726682123
338.4,97.3501239025861,273.252204463172,175.9020805605859,0.05909998582345957
338.6,97.42832143015984,273.2868089076334,175.85848747747355,0.059090560185539445
338.8,97.50653553999831,273.3214133520947,175.81487781209637,0.05908113035349409
339.0,97.584766225826,273.35601779655605,175.77125157073004,0.05907169632775492
339.2,97.66301348137338,273.39062224101735,175.72760875964397,0.05906225810875139
339.4,97.74127730037706,273.4252266854787,175.68394938510164,0.05905281569691108
339.6,97.81955767657969,273.4598311299401,175.6402734533604,0.05904336909265969
339.8,97.89785460372987,273.4944355744014,175.59658097067154,0.059033918296420976
340.0,97.9761680755824,273.5290400188627,175.5528719432803,0.059024463308616854
340.2,98.054498085898,273.56364446332407,175.50914637742608,0.0590150041296673
340.4,98.13284462844346,273.59824890778543,175.46540427934195,0.05900554075999043
340.6,98.21120769699158,273.63285335224674,175.42164565525516,0.05899607320000243
340.8,98.28958728532106,273.66745779670805,175.377870511387,0.05898660145011762
341.0,98.36798338721677,273.7020622411694,175.33407885395263,0.05897712551074846
341.2,98.44639599646939,273.7366666856308,175.2902706891614,0.058967645382305485
341.4,98.5248251068757,273.7712711300921,175.24644602321638,0.0589581610651973
341.6,98.60327071223841,273.80587557455345,175.20260486231504,0.0589486725598307
341.8,98.68173280636611,273.84048001901476,175.15874721264865,0.058939179866610555
342.0,98.76021138307344,273.8750844634761,175.11487308040267,0.05892968298593987
342.2,98.83870643618091,273.90968890793744,175.0709824717565,0.058920181918219725
342.4,98.91721795951501,273.9442933523988,175.02707539288377,0.05891067666384936
342.6,98.9957459469081,273.9788977968601,174.983151849952,0.05890116722322613
342.8,99.07429039219844,274.0135022413215,174.93921184912304,0.058891653596745495
343.0,99.15285128923026,274.04810668578284,174.89525539655259,0.05888213578480102
343.2,99.2314286318536,274.08271113024415,174.85128249839056,0.05887261378778442
343.4,99.31002241392444,274.11731557470546,174.807293160781,0.058863087606085496
343.6,99.38863262930467,274.1519200191668,174.76328738986217,0.058853557240092245
343.8,99.46725927186186,274.1865244636282,174.71926519176634,0.05884402269019071
344.0,99.54590233546966,274.2211289080895,174.67522657261983,0.058834483956765084
344.2,99.62456181400742,274.2557333525508,174.63117153854338,0.0588249410401977
344.4,99.70323770136042,274.29033779701217,174.58710009565175,0.05881539394086901
344.6,99.78192999141967,274.32494224147354,174.54301225005386,0.0588058426591576
344.8,99.86063867808207,274.35954668593484,174.49890800785278,0.05879628719544015
345.0,99.93936375525033,274.3941511303962,174.45478737514588,0.05878672755009154
345.2,100.01810521683291,274.4287555748575,174.4106503580246,0.05877716372348471
345.4,100.0968630567441,274.4633600193189,174.3664969625748,0.058767595715990766
345.6,100.17563726890401,274.4979644637802,174.32232719487618,0.05875802352797892
345.8,100.2544278472384,274.53256890824156,174.27814106100317,0.0587484471598166
346.0,100.33323478567894,274.56717335270287,174.23393856702393,0.058738866611869237
346.2,100.41205807816299,274.60177779716423,174.18971971900123,0.05872928188450051
346.4,100.49089771863363,274.63638224162554,174.14548452299192,0.05871969297807218
346.6,100.56975370103976,274.6709866860869,174.10123298504715,0.05871009989294417
346.8,100.64862601933592,274.7055911305482,174.0569651112123,0.05870050262947451
347.0,100.72751466748244,274.7401955750096,174.01268090752714,0.058690901188019395
347.2,100.8064196394453,274.7748000194709,173.9683803800256,0.05868129556893316
347.4,100.88534092919625,274.80940446393225,173.924063534736,0.05867168577256829
347.6,100.96427853071273,274.84400890839356,173.87973037768083,0.058662071799275343
347.8,101.0432324379778,274.8786133528549,173.83538091487713,0.058652453649403136
348.0,101.12220264498026,274.9132177973163,173.79101515233603,0.05864283132329854
348.2,101.20118914571455,274.9478222417776,173.74663309606305,0.05863320482130657
348.4,101.28019193418085,274.9824266862389,173.70223475205808,0.05862357414377046
348.6,101.35921100438485,275.0170311307003,173.6578201263154,0.05861393929103151
348.8,101.43824635033798,275.05163557516164,173.61338922482366,0.058604300263429235
349.0,101.51729796605731,275.08624001962295,173.56894205356565,0.05859465706130123
349.2,101.59636584556549,275.12084446408426,173.52447861851877,0.05858500968498328
349.4,101.6754499828908,275.1554489085456,173.47999892565483,0.05857535813480934
349.6,101.75455037206721,275.190053353007,173.43550298093976,0.058565702411111434
349.8,101.83366700713415,275.2246577974683,173.39099079033414,0.05855604251421984
350.0,101.91279988213674,275.25926224192966,173.34646235979292,0.058546378444462935
350.2,101.99194899112565,275.29386668639097,173.30191769526533,0.05853671020216723
350.4,102.07111432815718,275.32847113085234,173.25735680269514,0.058527037787657415
350.6,102.15029588729314,275.36307557531364,173.2127796880205,0.05851736120125634
350.8,102.22949366260089,275.397680019775,173.16818635717414,0.058507680443285026
351.0,102.30870764815337,275.4322844642363,173.12357681608296,0.05849799551406258
351.2,102.38793783802909,275.4668889086977,173.0789510706686,0.05848830641390635
351.4,102.46718422631203,275.501493353159,173.03430912684695,0.05847861314313178
351.6,102.54644680709174,275.53609779762036,172.98965099052862,0.058468915702052524
351.8,102.6257255744633,275.57070224208167,172.94497666761836,0.05845921409098034
352.0,102.70502052252724,275.60530668654303,172.9002861640158,0.0584495083102252
352.2,102.78433164538964,275.6399111310044,172.85557948561475,0.058439798360095205
352.4,102.86365893716206,275.6745155754657,172.81085663830365,0.0584300842408966
352.6,102.94300239196158,275.70912001992707,172.76611762796549,0.05842036595293386
352.8,103.02236200391069,275.7437244643884,172.72136246047768,0.058410643496509526
353.0,103.10173776713735,275.77832890884974,172.67659114171238,0.058400916871924405
353.2,103.18112967577507,275.81293335331105,172.63180367753597,0.05839118607947738
353.4,103.26053772396271,275.8475377977724,172.5870000738097,0.058381451119465584
353.6,103.33996190584465,275.8821422422337,172.5421803363891,0.058371711992184244
353.8,103.41940221557066,275.9167466866951,172.49734447112445,0.058361968697926786
354.0,103.49885864729592,275.9513511311564,172.45249248386048,0.05835222123698479
354.2,103.5783311951811,275.98595557561777,172.4076243804367,0.058342469609648034
354.4,103.65781985339218,276.0205600200791,172.36274016668688,0.05833271381620442
354.6,103.73732461610072,276.05516446454044,172.31783984843972,0.05832295385694006
354.8,103.81684547748344,276.0897689090018,172.27292343151836,0.058313189732139226
355.0,103.8963824317226,276.1243733534631,172.2279909217405,0.058303421442084336
355.2,103.97593547300583,276.1589777979244,172.18304232491857,0.058293648987056
355.4,104.0555045955261,276.1935822423858,172.1380776468597,0.05828387236733304
355.6,104.13508979348175,276.22818668684715,172.09309689336538,0.05827409158319237
355.8,104.21469106107646,276.26279113130846,172.048100070232,0.05826430663490911
356.0,104.29430839251927,276.29739557576977,172.0030871832505,0.05825451752275661
356.2,104.37394178202457,276.33200002023113,171.95805823820655,0.058244724247006316
356.4,104.45359122381207,276.3666044646925,171.91301324088045,0.0582349268079279
356.6,104.53325671210685,276.4012089091538,171.86795219704698,0.058225125205789166
356.8,104.61293824113919,276.4358133536152,171.82287511247597,0.058215319440856145
357.0,104.69263580514477,276.4704177980765,171.7777819929317,0.05820550951339301
357.2,104.7723493983646,276.50502224253785,171.73267284417324,0.058195695423662146
357.4,104.85207901504486,276.53962668699916,171.6875476719543,0.05818587717192408
357.6,104.93182464943716,276.5742311314605,171.64240648202338,0.05817605475843754
357.8,105.01158629579825,276.60883557592183,171.59724928012358,0.05816622818345943
358.0,105.09136394839024,276.6434400203832,171.55207607199296,0.058156397447244844
358.2,105.17115760148046,276.6780444648445,171.50688686336406,0.05814656255004703
358.4,105.25096724934151,276.71264890930587,171.46168165996437,0.05813672349211747
358.6,105.33079288625127,276.7472533537672,171.4164604675159,0.05812688027370573
358.8,105.41063450649276,276.78185779822854,171.3712232917358,0.058117032895059706
359.0,105.49049210435429,276.81646224268985,171.32597013833555,0.05810718135642534
359.2,105.57036567412945,276.8510666871512,171.28070101302177,0.05809732565804685
359.4,105.65025521011694,276.8856711316125,171.2354159214956,0.05808746580016659
359.6,105.73016070662071,276.9202755760739,171.19011486945317,0.05807760178302512
359.8,105.81008215794995,276.95488002053526,171.1447978625853,0.058067733606861176
360.0,105.89001955841894,276.98948446499656,171.09946490657762,0.05805786127191169
360.2,105.96997290234725,277.0240889094579,171.05411600711062,0.05804798477841178
360.4,106.04994218405959,277.05869335391924,171.00875116985964,0.058038104126594756
360.6,106.12992739788584,277.0932977983806,170.96337040049477,0.058028219316692095
360.8,106.20992853816098,277.1279022428419,170.91797370468095,0.0580183303489335
361.0,106.28994559922523,277.1625066873032,170.872561088078,0.05800843722354683
361.2,106.36997857542396,277.1971111317646,170.82713255634064,0.057998539940758154
361.4,106.45002746110757,277.23171557622595,170.78168811511838,0.05798863850079173
361.6,106.53009225063174,277.26632002068726,170.7362277700555,0.05797873290386998
361.8,106.61017293835714,277.3009244651486,170.69075152679147,0.057968823150213566
362.0,106.69026951864961,277.33552890960993,170.64525939096032,0.05795890924004131
362.2,106.77038198588014,277.3701333540713,170.59975136819116,0.05794899117357025
362.4,106.85051033442475,277.4047377985326,170.55422746410784,0.05793906895101557
362.6,106.93065455866467,277.439342242994,170.5086876843293,0.0579291425725907
362.8,107.01081465298601,277.4739466874553,170.46313203446925,0.05791921203850725
363.0,107.09099061178016,277.50855113191665,170.41756052013648,0.057909277348975025
363.2,107.17118242944345,277.543155576378,170.37197314693458,0.05789933850420203
363.4,107.2513901003774,277.5777600208393,170.3263699204619,0.0578893955043944
363.6,107.33161361898848,277.61236446530063,170.28075084631215,0.05787944834975657
363.8,107.41185297968823,277.646968909762,170.23511593007376,0.05786949704049112
364.0,107.49210817689327,277.68157335422336,170.18946517733008,0.057859541576798845
364.2,107.57237920502519,277.71617779868467,170.14379859365948,0.05784958195887871
364.4,107.65266605851069,277.750782243146,170.09811618463527,0.0578396181869279
364.6,107.73296873178147,277.78538668760734,170.0524179558259,0.0578296502611418
364.8,107.81328721927416,277.8199911320687,170.00670391279453,0.05781967818171398
365.0,107.8936215154305,277.85459557653,169.96097406109953,0.05780970194883622
365.2,107.97397161469716,277.8892000209914,169.9152284062942,0.0577997215626985
365.4,108.05433751152586,277.9238044654527,169.86946695392683,0.057789737023488996
365.6,108.13471920037325,277.95840890991406,169.82368970954082,0.05777974833139411
365.8,108.215116675701,277.99301335437536,169.77789667867438,0.05776975548659839
366.0,108.2955299319757,278.02761779883673,169.73208786686104,0.05775975848928466
366.2,108.37595896366892,278.06222224329804,169.68626327962912,0.057749757339633875
366.4,108.45640376525724,278.0968266877594,169.64042292250218,0.05773975203782526
366.6,108.53686433122215,278.13143113222077,169.59456680099862,0.05772974258403617
366.8,108.61734065605,278.1660355766821,169.54869492063207,0.05771972897844222
367.0,108.69783273423222,278.2006400211434,169.50280728691115,0.057709711221217215
367.2,108.77834056026506,278.23524446560475,169.4569039053397,0.05769968931253317
367.4,108.85886412864976,278.26984891006606,169.4109847814163,0.05768966325256028
367.6,108.93940343389242,278.3044533545274,169.365049920635,0.05767963304146698
367.8,109.01995847050405,278.33905779898873,169.3190993284847,0.057669598679419884
368.0,109.10052923300059,278.3736622434501,169.2731330104495,0.057659560166583815
368.2,109.18111571590283,278.40826668791146,169.22715097200864,0.05764951750312184
368.4,109.26171791373649,278.4428711323728,169.18115321863627,0.05763947068919516
368.6,109.3423358210322,278.47747557683414,169.13513975580196,0.05762941972496324
368.8,109.42296943232529,278.51208002129545,169.08911058897016,0.057619364610583756
369.0,109.50361874215614,278.5466844657568,169.04306572360068,0.05760930534621257
369.2,109.5842837450699,278.5812889102181,168.9970051651482,0.057599241932003734
369.4,109.66496443561661,278.61589335467943,168.95092891906282,0.05758917436810955
369.6,109.7456608083511,278.6504977991408,168.9048369907897,0.057579102654680525
369.8,109.82637285783308,278.68510224360216,168.8587293857691,0.057569026791865346
370.0,109.9071005786271,278.71970668806347,168.8126061094364,0.05755894677981092
370.2,109.98784396530242,278.75431113252483,168.7664671672224,0.05754886261866238
370.4,110.06860301243329,278.78891557698614,168.72031256455284,0.05753877430856305
370.6,110.14937771459866,278.8235200214475,168.67414230684886,0.0575286818496545
370.8,110.23016806638225,278.8581244659088,168.62795639952657,0.05751858524207645
371.0,110.31097406237268,278.8927289103702,168.5817548479975,0.05750848448596689
371.2,110.39179569716326,278.9273333548315,168.53553765766821,0.057498379581462
371.4,110.47263296535218,278.96193779929285,168.48930483394068,0.05748827052869618
371.6,110.5534858615423,278.9965422437542,168.44305638221192,0.05747815732780201
371.8,110.63435438034129,279.03114668821553,168.39679230787425,0.057468039978910306
372.0,110.71523851636165,279.06575113267684,168.3505126163152,0.05745791848215011
372.2,110.79613826422047,279.1003555771382,168.30421731291773,0.057447792837648684
372.4,110.87705361853976,279.13496002159957,168.2579064030598,0.057437663045531454
372.6,110.9579845739462,279.1695644660609,168.21157989211468,0.057427529105922095
372.8,111.03893112507114,279.2041689105222,168.16523778545104,0.0574173910189425
373.0,111.11989326655076,279.23877335498355,168.11888008843277,0.05740724878471279
373.2,111.2008709930259,279.2733777994449,168.07250680641903,0.057397102403351254
373.4,111.28186429914216,279.3079822439062,168.02611794476405,0.057386951874974404
373.6,111.3628731795498,279.3425866883676,167.97971350881778,0.05737679719969702
373.8,111.44389762890377,279.3771911328289,167.93329350392514,0.05736663837763205
374.0,111.52493764186377,279.41179557729026,167.8868579354265,0.057356475408890675
374.2,111.60599321309415,279.4464000217516,167.8404068086574,0.057346308293582254
374.4,111.68706433726395,279.48100446621294,167.79394012894898,0.057336137031814456
374.6,111.76815100904689,279.51560891067425,167.74745790162734,0.05732596162369305
374.8,111.84925322312134,279.5502133551356,167.70096013201427,0.05731578206932212
375.0,111.93037097417032,279.584817799597,167.65444682542665,0.0573055983688039
375.2,112.01150425688154,279.6194222440583,167.60791798717673,0.05729541052223887
375.4,112.09265306594735,279.6540266885196,167.56137362257226,0.05728521852972572
375.6,112.17381739606476,279.68863113298096,167.5148137369162,0.057275022391361376
375.8,112.25499724193531,279.7232355774423,167.468238335507,0.05726482210724096
376.0,112.33619259826528,279.75784002190363,167.42164742363835,0.0572546176774578
376.2,112.41740345976555,279.79244446636494,167.3750410065994,0.057244409102103475
376.4,112.49862982115158,279.8270489108263,167.32841908967472,0.057234196381267796
376.6,112.57987167714349,279.8616533552877,167.28178167814417,0.057223979515038735
376.8,112.66112902246593,279.896257799749,167.23512877728305,0.05721375850350251
377.0,112.74240185184819,279.93086224421035,167.18846039236217,0.05720353334674359
377.2,112.82369016002414,279.96546668867165,167.1417765286475,0.0571933040448446
377.4,112.90499394173226,280.000071133133,167.09507719140078,0.05718307059788645
377.6,112.98631319171561,280.0346755775943,167.0483623858787,0.0571728330059482
377.8,113.06764790472171,280.0692800220557,167.001632117334,0.05716259126910723
378.0,113.14899807550279,280.103884466517,166.9548863910142,0.057152345387439005
378.2,113.23036369881555,280.13848891097837,166.90812521216282,0.057142095361017345
378.4,113.31174476942125,280.1730933554397,166.86134858601844,0.0571318411899142
378.6,113.39314128208576,280.20769779990104,166.81455651781528,0.05712158287419976
378.8,113.4745532315794,280.24230224436235,166.76774901278293,0.05711132041394246
379.0,113.55598061267703,280.2769066888237,166.72092607614667,0.057101053809208935
379.2,113.6374234201581,280.311511133285,166.67408771312694,0.05709078306006406
379.4,113.71888164880653,280.3461155777464,166.62723392893986,0.0570805081665709
379.6,113.80035529341077,280.3807200222077,166.58036472879692,0.05707022912879075
379.8,113.88184434876376,280.41532446666906,166.5334801179053,0.05705994594678316
380.0,113.96334880966296,280.4499289111304,166.48658010146747,0.05704965862060587
380.2,114.04486867091033,280.48453335559174,166.43966468468142,0.057039367150314824
380.4,114.12640392731225,280.51913780005304,166.3927338727408,0.05702907153596421
380.6,114.20795457367969,280.5537422445144,166.34578767083474,0.05701877177760648
380.8,114.28952060482801,280.5883466889758,166.29882608414778,0.057008467875292235
381.0,114.37110201557705,280.6229511334371,166.25184911786005,0.05699815982907032
381.2,114.45269880075115,280.6575555778984,166.20485677714726,0.056987847638987815
381.4,114.5343109551791,280.69216002235976,166.15784906718068,0.056977531305090034
381.6,114.61593847369414,280.7267644668211,166.11082599312698,0.05696721082742048
381.8,114.69758135113389,280.76136891128243,166.06378756014854,0.05695688620602089
382.0,114.77923958234048,280.7959733557438,166.0167337734033,0.05694655744093125
382.2,114.86091316216049,280.8305778002051,165.9696646380446,0.056936224532189716
382.4,114.94260208544482,280.86518224466647,165.92258015922164,0.05692588747983274
382.6,115.02430634704892,280.8997866891278,165.87548034207884,0.05691554628389489
382.8,115.10602594183256,280.93439113358914,165.82836519175657,0.056905200944409075
383.0,115.18776086465994,280.96899557805045,165.78123471339052,0.05689485146140634
383.2,115.26951111039966,281.0036000225118,165.73408891211216,0.056884497834916004
383.4,115.35127667392477,281.0382044669731,165.68692779304837,0.05687414006496556
383.6,115.43305755011266,281.0728089114345,165.63975136132183,0.056863778151580766
383.8,115.51485373384506,281.1074133558958,165.59255962205074,0.056853412094785574
384.0,115.59666522000815,281.14201780035717,165.545352580349,0.05684304189460221
384.2,115.67849200349248,281.17662224481853,165.49813024132607,0.05683266755105104
384.4,115.7603340791929,281.21122668927984,165.45089261008695,0.056822289064150724
384.6,115.84219144200868,281.2458311337412,165.4036396917325,0.056811906433918105
384.8,115.92406408684346,281.2804355782025,165.35637149135906,0.05680151966036827
385.0,116.0059520086051,281.3150400226639,165.30908801405877,0.05679112874351453
385.2,116.08785520220596,281.3496444671252,165.26178926491923,0.05678073368336839
385.4,116.16977366256268,281.38424891158655,165.21447524902388,0.05677033447993961
385.6,116.25170738459619,281.41885335604786,165.16714597145167,0.05675993113323613
385.8,116.33365636323175,281.4534578005092,165.1198014372775,0.0567495236432642
386.0,116.41562059339898,281.48806224497054,165.07244165157155,0.05673911201002818
386.2,116.49760007003181,281.5226666894319,165.0250666194001,0.05672869623353075
386.4,116.5795947880684,281.5572711338932,164.97767634582482,0.05671827631377274
386.6,116.66160474245135,281.5918755783546,164.93027083590323,0.056707852250753255
386.8,116.74362992812739,281.62648002281594,164.88285009468854,0.056697424044469584
387.0,116.82567034004764,281.66108446727725,164.83541412722963,0.056686991694917255
387.2,116.90772597316747,281.69568891173856,164.78796293857107,0.056676555202090036
387.4,116.98979682244658,281.7302933561999,164.74049653375334,0.0566661145659799
387.6,117.07188288284888,281.7648978006613,164.6930149178124,0.05665566978657702
387.8,117.1539841493425,281.7995022451226,164.6455180957801,0.056645220863869826
388.0,117.23610061689998,281.8341066895839,164.59800607268392,0.05663476779784495
388.2,117.31823228049795,281.86871113404527,164.5504788535473,0.0566243105884873
388.4,117.40037913511743,281.90331557850664,164.50293644338922,0.0566138492357799
388.6,117.48254117574356,281.93792002296794,164.45537884722438,0.05660338373970408
388.8,117.56471839736578,281.9725244674293,164.40780607006354,0.05659291410023939
389.0,117.64691079497776,282.0071289118906,164.36021811691285,0.056582440317363536
389.2,117.72911836357734,282.041733356352,164.31261499277463,0.05657196239105254
389.4,117.81134109816668,282.0763378008133,164.2649967026466,0.05656148032128056
389.6,117.89357899375209,282.11094224527466,164.21736325152256,0.05655099410802002
389.8,117.97583204534405,282.14554668973597,164.16971464439192,0.05654050375124156
390.0,118.05810024795728,282.18015113419733,164.12205088624006,0.05653000925091406
390.2,118.14038359661073,282.21475557865864,164.07437198204792,0.05651951060700457
390.4,118.22268208632752,282.24936002312,164.02667793679248,0.0565090078194784
390.6,118.30499571213491,282.2839644675813,163.9789687554464,0.05649850088829907
390.8,118.38732446906438,282.3185689120427,163.9312444429783,0.05648798981342834
391.0,118.4696683521516,282.353173356504,163.8835050043524,0.056477474594826146
391.2,118.55202735643633,282.38777780096535,163.83575044452903,0.05646695523245072
391.4,118.63440147696257,282.42238224542666,163.78798076846408,0.0564564317262584
391.6,118.71679070877849,282.456986689888,163.74019598110954,0.056445904076203875
391.8,118.7991950469363,282.4915911343494,163.6923960874131,0.056435372282239965
392.0,118.88161448649247,282.5261955788107,163.64458109231822,0.056424836344317726
392.2,118.96404902250754,282.560800023272,163.59675100076447,0.056414296262386456
392.4,119.04649865004625,282.5954044677334,163.5489058176871,0.05640375203639367
392.6,119.1289633641774,282.63000891219474,163.50104554801734,0.05639320366628508
392.8,119.21144315997391,282.66461335665605,163.45317019668215,0.05638265115200463
393.0,119.29393803251291,282.69921780111736,163.40527976860443,0.05637209449349448
393.2,119.37644797687554,282.7338222455787,163.35737426870318,0.056361533690695055
393.4,119.45897298814708,282.7684266900401,163.309453701893,0.05635096874354492
393.6,119.54151306141696,282.8030311345014,163.26151807308443,0.056340399651980885
393.8,119.62406819177859,282.83763557896276,163.21356738718418,0.056329826415938034
394.0,119.70663837432959,282.87224002342407,163.16560164909447,0.05631924903534957
394.2,119.7892236041716,282.90684446788543,163.11762086371385,0.05630866751014704
394.4,119.87182387641037,282.94144891234674,163.06962503593638,0.05629808184026007
394.6,119.95443918615571,282.9760533568081,163.0216141706524,0.05628749202561661
394.8,120.03706952852144,283.0106578012694,162.97358827274797,0.05627689806614278
395.0,120.11971489862557,283.0452622457308,162.9255473471052,0.05626629996176293
395.2,120.20237529159002,283.07986669019215,162.87749139860213,0.05625569771239965
395.4,120.28505070254087,283.11447113465346,162.82942043211258,0.05624509131797366
395.6,120.36774112660828,283.14907557911476,162.78133445250648,0.056234480778404
395.8,120.45044655892625,283.18368002357613,162.73323346464989,0.0562238660936079
396.0,120.53316699463302,283.2182844680375,162.6851174734045,0.05621324726350077
396.2,120.61590242887077,283.2528889124988,162.63698648362805,0.056202624287996245
396.4,120.69865285678576,283.2874933569601,162.58884050017434,0.056191997167006194
396.6,120.78141827352819,283.3220978014215,162.5406795278933,0.056181365900440705
396.8,120.86419867425231,283.35670224588284,162.49250357163055,0.056170730488208094
397.0,120.94699405411639,283.39130669034415,162.44431263622778,0.05616009093021482
397.2,121.0298044082827,283.4259111348055,162.39610672652282,0.05614944722636564
397.4,121.11262973191751,283.4605155792668,162.34788584734932,0.05613879937656347
397.6,121.1954700201911,283.4951200237282,162.2996500035371,0.05612814738070948
397.8,121.27832526827764,283.5297244681895,162.25139919991187,0.05611749123870304
398.0,121.3611954713554,283.56432891265086,162.20313344129545,0.05610683095044171
398.2,121.44408062460658,283.5989333571122,162.1548527325056,0.05609616651582129
398.4,121.52698072321738,283.63353780157354,162.10655707835616,0.056085497934735794
398.6,121.60989576237789,283.6681422460349,162.058246483657,0.056074825207077426
398.8,121.6928257372822,283.7027466904962,162.00992095321402,0.05606414833273664
399.0,121.77577064312845,283.7373511349575,161.96158049182907,0.05605346731160203
399.2,121.85873047511853,283.7719555794189,161.91322510430035,0.056042782143560524
399.4,121.94170522845847,283.8065600238802,161.8648547954217,0.05603209282849712
399.6,122.02469489835818,283.84116446834156,161.81646956998338,0.05602139936629514
399.8,122.1076994800314,283.87576891280287,161.76806943277148,0.05601070175683605
400.0,122.19071896869593,283.91037335726423,161.7196543885683,0.055999999999999564
