x_m,avanco_min,recessao_min,oportunidade_min,infiltracao_m
0.0,0.0,229.91528771216505,229.91528771216505,0.062272701893342455
0.2,0.00544316566192139,229.95397494360517,229.94853177794326,0.06227858209469882
0.4,0.013466464175077986,229.99266217504533,229.97919571087024,0.062284005742684945
0.6,0.022875943439103475,230.03134940648545,230.00847346304636,0.062289184050224704
0.8,0.033316211308300585,230.07003663792557,230.03672042661728,0.0622941798945605
1.0,0.044596705100129926,230.1087238693657,230.06412716426556,0.06229902699382159
1.2,0.05659538803841136,230.14741110080584,230.09081571276744,0.06230374694299663
1.4,0.0692262284897009,230.18609833224596,230.11687210375626,0.06230835496700156
1.6,0.08242474947458936,230.22478556368608,230.1423608142115,0.06231286247711256
1.8,0.09614052202929607,230.2634727951262,230.16733227309692,0.06231727839900236
2.0,0.11033284100808076,230.30216002656636,230.19182718555828,0.062321609937776856
2.2,0.12496804225713429,230.34084725800648,230.21587921574934,0.06232586305263357
2.4,0.14001774203302036,230.3795344894466,230.23951674741357,0.06233004276836068
2.6,0.15545762958938839,230.41822172088672,230.26276409129733,0.06233415338896985
2.8,0.17126660914510003,230.45690895232687,230.28564234318176,0.06233819864951563
3.0,0.18742617197523082,230.495596183767,230.30817001179176,0.06234218182719988
3.2,0.20391992544050666,230.5342834152071,230.3303634897666,0.062346105824709244
3.4,0.22073323223287522,230.57297064664724,230.35223741441436,0.062349973234051684
3.6,0.23785292899275884,230.61165787808739,230.37380494909462,0.062353786386349135
3.8,0.2552671033414778,230.6503451095275,230.39507800618603,0.0623575473912943
4.0,0.27296491473041495,230.68903234096763,230.41606742623722,0.06236125816885428
4.2,0.29093644871242985,230.72771957240775,230.4367831236953,0.06236492047506024
4.4,0.30917259708962996,230.7664068038479,230.45723420675827,0.06236853592321828
4.6,0.3276649583642288,230.80509403528802,230.47742907692378,0.062372106001527525
4.8,0.34640575431198606,230.84378126672814,230.49737551241617,0.06237563208784533
5.0,0.3653877594983766,230.8824684981683,230.5170807386699,0.06237911546216201
5.2,0.38460424128797643,230.92115572960842,230.53655148832044,0.06238255731721873
5.4,0.40404890843827873,230.95984296104854,230.55579405261025,0.062385958767606206
5.6,0.42371586677474926,230.99853019248866,230.5748143257139,0.0623893208576103
5.8,0.44359958075182965,231.0372174239288,230.593617843177,0.062392644568015826
6.0,0.46369483994090177,231.07590465536893,230.61220981542803,0.062395930822038516
6.2,0.4839967296694504,231.11459188680905,230.6305951571396,0.062399180490522295
6.4,0.5045006051790484,231.15327911824917,230.6487785130701,0.06240239439651374
6.6,0.5252020687829991,231.19196634968932,230.66676428090634,0.06240557331930568
6.8,0.5460969495945707,231.23065358112945,230.68455663153486,0.062408717998025776
7.0,0.5671812854690202,231.26934081256957,230.70215952710055,0.062411829134833355
7.2,0.588451306860962,231.3080280440097,230.7195767371487,0.06241490739777719
7.4,0.6099034223460897,231.34671527544984,230.73681185310375,0.062417953423358694
7.6,0.6315342055950796,231.38540250688996,230.7538683012949,0.062420967818838054
7.8,0.6533403836194516,231.42408973833008,230.77074935471063,0.06242395116431528
8.0,0.6753188261355985,231.4627769697702,230.7874581436346,0.0624269040146133
8.2,0.6974665359151919,231.50146420121035,230.80399766529516,0.062429826900986446
8.4,0.7197806400085518,231.54015143265048,230.8203707926419,0.06243272033267438
8.6,0.7422583817430093,231.5788386640906,230.8365802823476,0.06243558479831895
8.8,0.7648971134113264,231.61752589553072,230.85262878211938,0.06243842076725875
9.0,0.7876942895762598,231.65621312697087,230.86851883739462,0.06244122869071473
9.2,0.8106474609267611,231.694900358411,230.88425289748423,0.062444009002878026
9.4,0.8337542686293065,231.7335875898511,230.8998333212218,0.06244676212191026
9.6,0.8570124391247302,231.77227482129126,230.91526238216653,0.06244948845086494
9.8,0.8804197793268429,231.81096205273138,230.93054227340454,0.06245218837853761
10.0,0.9039741721842088,231.8496492841715,230.9456751119873,0.062454862280251947
10.2,0.9276735725708781,231.88833651561163,230.96066294304075,0.062457510518587334
10.4,0.9515160034756964,231.92702374705178,230.9755077435761,0.06246013344405385
10.6,0.975499552463151,231.9657109784919,230.99021142602874,0.06246273139571891
10.8,0.9996223683816344,232.00439820993202,231.00477584155038,0.06246530470179042
11.0,1.0238826582975458,232.04308544137214,231.0192027830746,0.062467853680159585
11.2,1.0482786846359047,232.0817726728123,231.0334939881764,0.06247037863890746
11.4,1.072808762510113,232.1204599042524,231.0476511417423,0.06247287987677783
11.6,1.0974712572252407,232.15914713569254,231.0616758784673,0.06247535768361945
11.8,1.122264581940762,232.19783436713266,231.0755697851919,0.062477812340800014
12.0,1.1471871954800068,232.2365215985728,231.0893344030928,0.06248024412159415
12.2,1.1722376002748374,232.27520883001293,231.1029712297381,0.06248265329154748
12.4,1.197414340435095,232.31389606145305,231.11648172101795,0.06248504010881861
12.6,1.2227159999333659,232.35258329289317,231.1298672929598,0.06248740482450061
12.8,1.248141200896438,232.39127052433332,231.14312932343688,0.06248974768292377
13.0,1.2736886019956137,232.42995775577344,231.15626915377783,0.06249206892194059
13.2,1.299356896928713,232.46864498721357,231.16928809028485,0.06249436877319485
13.4,1.32514481298724,232.5073322186537,231.18218740566644,0.062496647462375356
13.6,1.351051109702724,232.54601945009384,231.1949683403911,0.06249890520945573
13.8,1.3770745775667605,232.58470668153396,231.2076321039672,0.06250114222892118
14.0,1.4032140368197283,232.62339391297408,231.22017987615436,0.06250335872998317
14.2,1.429468336303564,232.66208114441423,231.23261280811067,0.06250555491678253
14.4,1.4558363523743534,232.70076837585435,231.24493202348,0.06250773098858217
14.6,1.482316987870822,232.73945560729447,231.25713861942364,0.0625098871399499
14.8,1.508909171135143,232.7781428387346,231.26923366759945,0.06251202356093186
15.0,1.5356118550827083,232.81683007017475,231.28121821509203,0.06251414043721726
15.2,1.5624240163178222,232.85551730161487,231.29309328529703,0.06251623795029522
15.4,1.5893446542924483,232.894204533055,231.30485987876253,0.06251831627760371
15.6,1.6163727905054006,232.9328917644951,231.3165189739897,0.06252037559267148
15.8,1.643507467739529,232.97157899593526,231.32807152819572,0.06252241606525327
16.0,1.6707477493346397,233.01026622737538,231.33951847804073,0.06252443786145852
16.2,1.6980927184940506,233.0489534588155,231.35086074032145,0.0625264411438744
16.4,1.7255414776228284,233.08764069025563,231.36209921263278,0.06252842607168298
16.6,1.753093147695892,233.12632792169578,231.37323477399988,0.06253039280077324
16.8,1.7807468676542832,233.1650151531359,231.38426828548162,0.06253234148384802
17.0,1.8085017938280408,233.20370238457602,231.39520059074798,0.06253427227052634
17.2,1.8363570993841913,233.24238961601614,231.40603251663194,0.0625361853074412
17.4,1.864311973798497,233.2810768474563,231.4167648736578,0.06253808073833322
17.6,1.8923656223496637,233.3197640788964,231.42739845654674,0.06253995870414021
17.8,1.92051726563482,233.35845131033653,231.4379340447017,0.06254181934308314
18.0,1.9487661391051374,233.39713854177666,231.4483724026715,0.06254366279074837
18.2,1.9771114926205435,233.4358257732168,231.45871428059627,0.06254548918016656
18.4,2.0055525900225333,233.47451300465693,231.46896041463438,0.06254729864188846
18.6,2.0340887087241666,233.51320023609705,231.47911152737288,0.0625490913040575
18.8,2.062719139316369,233.5518874675372,231.48916832822084,0.0625508672924796
19.0,2.091443185189737,233.59057469897732,231.49913151378757,0.06255262673069022
19.2,2.1202601621710584,233.62926193041744,231.50900176824638,0.06255436974001871
19.4,2.1491693981738527,233.66794916185756,231.5187797636837,0.06255609643965042
19.6,2.178170232862228,233.7066363932977,231.5284661604355,0.06255780694668606
19.8,2.207262017327433,233.74532362473784,231.5380616074104,0.06255950137619921
20.0,2.2364441137764945,233.78401085617796,231.54756674240147,0.06256117984129145
20.2,2.265715895232369,233.82269808761808,231.5569821923857,0.06256284245314546
20.4,2.2950767452450824,233.86138531905823,231.56630857381316,0.06256448932107635
20.6,2.324526057613338,233.90007255049835,231.57554649288502,0.06256612055258087
20.8,2.354063236116127,233.93875978193847,231.58469654582234,0.06256773625338512
21.0,2.383687694253883,233.9774470133786,231.5937593191247,0.06256933652749032
21.2,2.4133988549987566,234.01613424481874,231.60273538982,0.06257092147721716
21.4,2.443196150553603,234.05482147625887,231.61162532570526,0.06257249120324848
21.6,2.4730790221192973,234.093508707699,231.6204296855797,0.0625740458046706
21.8,2.503046919670026,234.1321959391391,231.62914901946908,0.06257558537901303
22.0,2.533099301736196,234.17088317057926,231.63778386884306,0.06257711002228708
22.2,2.5632356351946504,234.20957040201938,231.64633476682474,0.06257861982902299
22.4,2.593455395065864,234.2482576334595,231.65480223839364,0.06258011489230589
22.6,2.62375806431785,234.28694486489962,231.66318680058177,0.06258159530381058
22.8,2.654143133676468,234.32563209633977,231.67148896266332,0.06258306115383519
23.0,2.6846101014419026,234.3643193277799,231.679709226338,0.06258451253133365
23.2,2.7151584733110306,234.40300655922002,231.687848085909,0.06258594952394728
23.4,2.7457877622054605,234.44169379066014,231.6959060284547,0.06258737221803518
23.6,2.776497488105003,234.4803810221003,231.70388353399528,0.06258878069870381
23.8,2.807287177886359,234.5190682535404,231.71178107565405,0.06259017504983565
24.0,2.8381563651668276,234.55775548498053,231.7195991198137,0.06259155535411677
24.2,2.8691045901528245,234.59644271642068,231.72733812626785,0.06259292169306385
24.4,2.9001313994930302,234.6351299478608,231.73499854836777,0.06259427414705009
24.6,2.9312363461359943,234.67381717930093,231.74258083316494,0.06259561279533055
24.8,2.962418989192014,234.71250441074105,231.75008542154904,0.06259693771606661
25.0,2.9936788937991405,234.7511916421812,231.75751274838206,0.06259824898634973
25.2,3.025015630993141,234.78987887362132,231.76486324262817,0.06259954668222453
25.4,3.0564287775812793,234.82856610506144,231.77213732748015,0.06260083087871113
25.6,3.087917916019776,234.86725333650156,231.7793354204818,0.06260210164982695
25.8,3.119482634294804,234.9059405679417,231.78645793364691,0.06260335906860773
26.0,3.1511225258068962,234.94462779938183,231.79350527357494,0.0626046032071281
26.2,3.1828371892586422,234.98331503082196,231.80047784156332,0.06260583413652149
26.4,3.2146262285455527,235.02200226226208,231.80737603371654,0.06260705192699945
26.6,3.2464892526499853,235.06068949370223,231.81420024105225,0.06260825664787051
26.8,3.2784258755380145,235.09937672514235,231.82095084960434,0.06260944836755838
27.0,3.3104357160591498,235.13806395658247,231.82762824052332,0.0626106271536199
27.2,3.3425183978488007,235.1767511880226,231.8342327901738,0.06261179307276217
27.4,3.3746735492333935,235.21543841946274,231.84076487022935,0.06261294619085948
27.6,3.4069008031380488,235.25412565090286,231.8472248477648,0.06261408657296963
27.8,3.4391997969967276,235.292812882343,231.85361308534627,0.06261521428334994
28.0,3.4715701726647787,235.3315001137831,231.85992994111834,0.06261632938547268
28.2,3.504011576333784,235.37018734522326,231.86617576888946,0.06261743194204021
28.4,3.536523658448646,235.40887457666338,231.87235091821472,0.06261852201499973
28.6,3.569106073626826,235.4475618081035,231.8784557344767,0.06261959966555754
28.8,3.601758480579674,235.48624903954365,231.884490558964,0.06262066495419301
29.0,3.6344805420357837,235.52493627098377,231.89045572894798,0.0626217179406722
29.2,3.667271924666294,235.5636235024239,231.8963515777576,0.0626227586840611
29.4,3.700132299012083,235.60231073386402,231.90217843485192,0.06262378724273855
29.6,3.7330613394127994,235.64099796530417,231.90793662589135,0.06262480367440883
29.8,3.766058723937657,235.6796851967443,231.91362647280664,0.06262580803611391
30.0,3.7991241343179594,235.7183724281844,231.91924829386645,0.06262680038424544
30.2,3.8322572558812724,235.75705965962453,231.92480240374326,0.06262778077455647
30.4,3.865457777487222,235.79574689106468,231.93028911357746,0.0626287492621728
30.6,3.8987253914648425,235.8344341225048,231.93570873103997,0.06262970590160402
30.8,3.9320597935514505,235.87312135394492,231.94106156039348,0.06263065074675454
31.0,3.9654606828329726,235.91180858538505,231.94634790255208,0.06263158385093398
31.2,3.998927761685709,235.9504958168252,231.9515680551395,0.06263250526686767
31.4,4.032460735719469,235.98918304826532,231.95672231254585,0.06263341504670658
31.6,4.066059313722048,236.02787027970544,231.9618109659834,0.06263431324203732
31.8,4.099723207605008,236.06655751114556,231.96683430354057,0.06263519990389166
32.0,4.133452132350705,236.1052447425857,231.971792610235,0.06263607508275597
32.2,4.167245805960559,236.14393197402583,231.97668616806527,0.06263693882858037
32.4,4.201103949404502,236.18261920546595,231.98151525606144,0.06263779119078777
32.6,4.235026286571574,236.22130643690608,231.9862801503345,0.06263863221828253
32.8,4.269012544221649,236.25999366834623,231.99098112412457,0.06263946195945914
33.0,4.303062451938254,236.29868089978635,231.9956184478481,0.06264028046221048
33.2,4.337175742082416,236.33736813122647,232.00019238914405,0.06264108777393611
33.4,4.371352149747582,236.3760553626666,232.004703212919,0.06264188394155018
33.6,4.4055914127154985,236.41474259410674,232.00915118139125,0.06264266901148936
33.8,4.439893271413074,236.45342982554686,232.0135365541338,0.06264344302972039
34.0,4.4742574688702,236.49211705698698,232.01785958811678,0.06264420604174763
34.2,4.508683750678461,236.53080428842713,232.02212053774866,0.0626449580926204
34.4,4.54317186495076,236.56949151986726,232.0263196549165,0.06264569922694006
34.6,4.577721562281809,236.60817875130738,232.03045718902558,0.06264642948886713
34.8,4.612332595709443,236.6468659827475,232.03453338703807,0.06264714892212807
35.0,4.647004720676789,236.68555321418765,232.03854849351086,0.06264785757002206
35.2,4.681737694995206,236.72424044562777,232.04250275063256,0.06264855547542751
35.4,4.716531278808015,236.7629276770679,232.04639639825987,0.06264924268080857
35.6,4.751385234554991,236.80161490850801,232.05022967395303,0.06264991922822137
35.8,4.786299326937576,236.84030213994816,232.05400281301058,0.0626505851593202
36.0,4.821273322884837,236.8789893713883,232.05771604850344,0.06265124051536364
36.2,4.85630699152009,236.9176766028284,232.06136961130832,0.06265188533722033
36.4,4.891400104128234,236.95636383426853,232.0649637301403,0.06265251966537491
36.6,4.926552434123737,236.99505106570868,232.06849863158493,0.06265314353993362
36.8,4.961763757019262,237.0337382971488,232.07197454012953,0.06265375700062989
37.0,4.997033850394937,237.07242552858892,232.075391678194,0.06265436008682983
37.2,5.032362493868229,237.11111276002904,232.07875026616082,0.06265495283753751
37.4,5.067749469064416,237.1497999914692,232.08205052240478,0.06265553529140025
37.6,5.103194559587657,237.18848722290932,232.08529266332167,0.06265610748671374
37.8,5.13869755099261,237.22717445434944,232.08847690335682,0.06265666946142709
38.0,5.174258230756625,237.26586168578956,232.09160345503292,0.06265722125314774
38.2,5.209876388252455,237.3045489172297,232.09467252897724,0.06265776289914632
38.4,5.245551814721519,237.34323614866983,232.0976843339483,0.06265829443636141
38.6,5.281284303247668,237.38192338010995,232.10063907686228,0.06265881590140418
38.8,5.31707364873145,237.4206106115501,232.10353696281865,0.06265932733056295
39.0,5.352919647864876,237.45929784299022,232.10637819512536,0.0626598287598077
39.2,5.388822099106652,237.49798507443035,232.1091629753237,0.06266032022479444
39.4,5.424780802657883,237.53667230587047,232.11189150321258,0.06266080176086951
39.6,5.460795560438248,237.57535953731062,232.11456397687238,0.06266127340307387
39.8,5.496866176062584,237.61404676875074,232.11718059268816,0.06266173518614718
40.0,5.532992454817949,237.65273400019086,232.1197415453729,0.06266218714453195
40.2,5.569174203641067,237.69142123163098,232.1222470279899,0.06266262931237747
40.4,5.60541123109622,237.73010846307113,232.12469723197492,0.06266306172354379
40.6,5.64170334735353,237.76879569451125,232.1270923471577,0.06266348441160552
40.8,5.678050364167631,237.80748292595138,232.12943256178374,0.06266389740985573
41.0,5.714452094856746,237.8461701573915,232.13171806253476,0.0626643007513095
41.2,5.750908354282121,237.88485738883165,232.13394903454952,0.0626646944687077
41.4,5.7874189588278355,237.92354462027177,232.13612566144394,0.06266507859452056
41.6,5.823983726380989,237.9622318517119,232.1382481253309,0.06266545316095108
41.8,5.860602476312204,238.000919083152,232.1403166068398,0.06266581819993866
42.0,5.897275029456516,238.03960631459216,232.14233128513564,0.06266617374316234
42.2,5.934001208094566,238.07829354603228,232.1442923379377,0.06266651982204426
42.4,5.970780835934137,238.1169807774724,232.14619994153827,0.06266685646775283
42.6,6.00761373809202,238.15566800891253,232.1480542708205,0.06266718371120605
42.8,6.044499741076169,238.19435524035268,232.1498554992765,0.06266750158307462
43.0,6.081438672768199,238.2330424717928,232.1516037990246,0.06266781011378501
43.2,6.118430362406154,238.27172970323292,232.15329934082678,0.06266810933352265
43.4,6.155474640567583,238.31041693467307,232.1549422941055,0.06266839927223483
43.6,6.192571339152916,238.3491041661132,232.15653282696027,0.06266867995963361
43.8,6.229720291369091,238.38779139755331,232.15807110618422,0.0626689514251989
44.0,6.266921331713493,238.42647862899344,232.15955729727995,0.06266921369818113
44.2,6.304174295958131,238.4651658604336,232.16099156447547,0.06266946680760417
44.4,6.341479021134106,238.5038530918737,232.1623740707396,0.06266971078226805
44.6,6.3788353455163165,238.54254032331383,232.16370497779752,0.06266994565075167
44.8,6.416243108608435,238.58122755475395,232.16498444614552,0.06267017144141548
45.0,6.453702151128121,238.6199147861941,232.166212635066,0.06267038818240414
45.2,6.491212314992476,238.65860201763422,232.16738970264174,0.062670595901649
45.4,6.5287734433037405,238.69728924907434,232.1685158057706,0.06267079462687078
45.6,6.5663853803352366,238.73597648051447,232.16959110017922,0.06267098438558197
45.8,6.604047971517506,238.77466371195462,232.1706157404371,0.06267116520508928
46.0,6.641761063424708,238.81335094339474,232.17158987997004,0.06267133711249614
46.2,6.679524503761207,238.85203817483486,232.17251367107366,0.06267150013470499
46.4,6.717338141348394,238.89072540627498,232.1733872649266,0.06267165429841973
46.6,6.755201826111715,238.92941263771513,232.17421081160342,0.06267179963014788
46.8,6.793115409067886,238.96809986915525,232.17498446008736,0.06267193615620299
47.0,6.83107874231234,239.00678710059537,232.17570835828303,0.0626720639027068
47.2,6.869091679006852,239.0454743320355,232.17638265302864,0.0626721828955914
47.4,6.907154073367354,239.08416156347565,232.17700749010828,0.06267229316060151
47.6,6.945265780651966,239.12284879491577,232.1775830142638,0.06267239472329648
47.8,6.983426657149174,239.1615360263559,232.1781093692067,0.06267248760905247
48.0,7.021636560166229,239.20022325779604,232.1785866976298,0.06267257184306453
48.2,7.059895348017699,239.23891048923616,232.17901514121846,0.06267264745034849
48.4,7.098202880014202,239.27759772067628,232.17939484066207,0.06267271445574314
48.6,7.136559016451328,239.3162849521164,232.1797259356651,0.06267277288391213
48.8,7.174963618598699,239.35497218355655,232.18000856495786,0.06267282275934584
49.0,7.213416548689222,239.39365941499668,232.18024286630745,0.0626728641063634
49.2,7.251917669908489,239.4323466464368,232.1804289765283,0.0626728969491145
49.4,7.290466846384341,239.47103387787692,232.1805670314926,0.0626729213115813
49.6,7.329063943176591,239.50972110931707,232.1806571661405,0.06267293721758019
49.8,7.367708826266892,239.5484083407572,232.1806995144903,0.06267294469076365
50.0,7.406401362548764,239.5870955721973,232.18069420964855,0.06267294375462198
50.2,7.445141419817763,239.62578280363743,232.18064138381968,0.06267293443248508
50.4,7.4839288667617945,239.66447003507758,232.18054116831578,0.06267291674752412
50.6,7.522763572951577,239.7031572665177,232.18039369356612,0.06267289072275331
50.8,7.561645408831233,239.74184449795783,232.1801990891266,0.06267285638103151
51.0,7.600574245709025,239.78053172939795,232.17995748368892,0.06267281374506387
51.2,7.63954995574822,239.8192189608381,232.1796690050899,0.06267276283740351
51.4,7.6785724119581,239.85790619227822,232.17933378032012,0.06267270368045308
51.6,7.717641488185074,239.89659342371834,232.17895193553326,0.06267263629646636
51.8,7.756757059103949,239.93528065515846,232.1785235960545,0.06267256070754972
52.0,7.795919000209307,239.97396788659861,232.17804888638932,0.06267247693566383
52.2,7.835127187807003,240.01265511803874,232.17752793023175,0.06267238500262498
52.4,7.8743814990057945,240.05134234947886,232.17696085047305,0.06267228493010674
52.6,7.913681811709083,240.090029580919,232.17634776920994,0.06267217673964123
52.8,7.953028004606769,240.12871681235913,232.17568880775235,0.06267206045262078
53.0,7.992419957167226,240.16740404379925,232.17498408663204,0.06267193609029921
53.2,8.031857549629384,240.20609127523937,232.17423372560998,0.06267180367379327
53.4,8.071340662994926,240.2447785066795,232.17343784368458,0.06267166322408407
53.6,8.11086917902058,240.28346573811965,232.17259655909908,0.06267151476201842
53.8,8.150442980210542,240.32215296955977,232.1717099893492,0.0626713583083101
54.0,8.19006194980898,240.3608402009999,232.1707782511909,0.06267119388354137
54.2,8.229725971792641,240.39952743244004,232.1698014606474,0.06267102150816409
54.4,8.269434930863586,240.43821466388016,232.16877973301658,0.06267084120250115
54.6,8.309188712441982,240.47690189532028,232.1677131828783,0.06267065298674768
54.8,8.348987202659034,240.5155891267604,232.16660192410137,0.06267045688097236
55.0,8.388830288349983,240.55427635820055,232.16544606985056,0.0626702529051186
55.2,8.4287178570472,240.59296358964068,232.16424573259349,0.06267004107900577
55.4,8.46864979697339,240.6316508210808,232.16300102410742,0.06266982142233049
55.6,8.508625997034882,240.67033805252092,232.16171205548605,0.06266959395466776
55.8,8.54864634681498,240.70902528396107,232.16037893714608,0.06266935869547209
56.0,8.588710736567457,240.7477125154012,232.15900177883373,0.06266911566407879
56.2,8.628819057210064,240.7863997468413,232.15758068963126,0.06266886487970502
56.4,8.668971200318193,240.82508697828143,232.15611577796324,0.06266860636145091
56.6,8.709167058118595,240.86377420972158,232.154607151603,0.06266834012830079
56.8,8.74940652348314,240.9024614411617,232.15305491767856,0.06266806619912414
57.0,8.789689489922745,240.94114867260183,232.15145918267908,0.06266778459267679
57.2,8.830015851581303,240.97983590404198,232.14982005246068,0.06266749532760195
57.4,8.870385503229715,241.0185231354821,232.14813763225237,0.06266719842243126
57.6,8.91079834026003,241.05721036692222,232.14641202666218,0.06266689389558591
57.8,8.951254258679601,241.09589759836234,232.14464333968274,0.06266658176537754
58.0,8.991753155105377,241.13458482980246,232.14283167469708,0.06266626205000936
58.2,9.03229492675822,241.1732720612426,232.1409771344844,0.06266593476757719
58.4,9.072879471457314,241.21195929268274,232.1390798212254,0.0626655999360703
58.6,9.113506687614658,241.25064652412286,232.1371398365082,0.06266525757337255
58.8,9.154176474229597,241.289333755563,232.13515728133342,0.06266490769726328
59.0,9.19488873088345,241.32802098700313,232.13313225611967,0.06266455032541828
59.2,9.23564335773419,241.36670821844325,232.13106486070905,0.06266418547541074
59.4,9.276440255511188,241.40539544988337,232.1289551943722,0.06266381316471217
59.6,9.317279325510047,241.44408268132352,232.12680335581348,0.06266343341069336
59.8,9.358160469587466,241.48276991276364,232.12460944317618,0.06266304623062521
60.0,9.399083590156186,241.52145714420377,232.12237355404758,0.06266265164167975
60.2,9.440048590180002,241.5601443756439,232.1200957854639,0.0626622496609309
60.4,9.481055373168823,241.59883160708404,232.1177762339152,0.0626618403053554
60.6,9.522103843173808,241.63751883852416,232.11541499535036,0.06266142359183374
60.8,9.563193904782539,241.67620606996428,232.11301216518174,0.06266099953715093
61.0,9.60432546311428,241.7148933014044,232.1105678382901,0.06266056815799731
61.2,9.645498423815276,241.75358053284455,232.10808210902928,0.06266012947096955
61.4,9.686712693054108,241.79226776428467,232.10555507123055,0.06265968349257128
61.6,9.727968177517113,241.8309549957248,232.10298681820768,0.06265923023921408
61.8,9.769264784403848,241.86964222716495,232.1003774427611,0.06265876972721811
62.0,9.810602421422631,241.90832945860507,232.09772703718244,0.06265830197281305
62.2,9.8519809967861,241.9470166900452,232.0950356932591,0.06265782699213886
62.4,9.893400419206849,241.9857039214853,232.09230350227847,0.06265734480124645
62.6,9.934860597893117,242.02439115292543,232.08953055503233,0.06265685541609858
62.8,9.976361442544516,242.06307838436558,232.08671694182107,0.06265635885257058
63.0,10.017902863347816,242.1017656158057,232.0838627524579,0.06265585512645103
63.2,10.059484770972773,242.14045284724583,232.08096807627305,0.0626553442534426
63.4,10.10110707656802,242.17914007868598,232.07803300211796,0.06265482624916273
63.6,10.142769691756989,242.2178273101261,232.0750576183691,0.06265430112914433
63.8,10.18447252863389,242.25651454156622,232.07204201293234,0.06265376890883655
64.0,10.226215499759736,242.29520177300634,232.0689862732466,0.06265322960360548
64.2,10.267998518158407,242.3338890044465,232.06589048628808,0.0626526832287348
64.4,10.309821497312775,242.3725762358866,232.06275473857383,0.06265212979942653
64.6,10.351684351160852,242.41126346732673,232.05957911616588,0.06265156933080164
64.8,10.393586994092008,242.44995069876686,232.05636370467485,0.06265100183790084
65.0,10.435529340943193,242.488637930207,232.05310858926381,0.06265042733568513
65.2,10.477511306995252,242.52732516164713,232.0498138546519,0.06264984583903647
65.4,10.519532807969243,242.56601239308725,232.046479585118,0.06264925736275856
65.6,10.56159376002281,242.60469962452737,232.04310586450455,0.06264866192157734
65.8,10.603694079746603,242.64338685596752,232.03969277622093,0.0626480595301417
66.0,10.645833684160722,242.68207408740764,232.03624040324692,0.06264745020302405
66.2,10.688012490711222,242.72076131884776,232.03274882813653,0.06264683395472102
66.4,10.730230417266629,242.7594485502879,232.0292181330213,0.06264621079965409
66.6,10.772487382114534,242.79813578172804,232.0256483996135,0.06264558075217004
66.8,10.814783303958187,242.83682301316816,232.02203970920996,0.06264494382654175
67.0,10.857118101913144,242.87551024460828,232.01839214269512,0.06264430003696869
67.2,10.899491695503956,242.9141974760484,232.01470578054443,0.06264364939757751
67.4,10.941904004660884,242.95288470748855,232.01098070282768,0.06264299192242267
67.6,10.984354949716659,242.99157193892867,232.00721698921203,0.06264232762548698
67.8,11.02684445140328,243.0302591703688,232.0034147189655,0.06264165652068217
68.0,11.069372430848832,243.06894640180894,231.9995739709601,0.06264097862184946
68.2,11.111938809574337,243.10763363324907,231.99569482367474,0.06264029394276016
68.4,11.154543509490674,243.1463208646892,231.9917773551985,0.06263960249711614
68.6,11.197186452895487,243.1850080961293,231.98782164323381,0.06263890429855047
68.8,11.239867562470161,243.22369532756946,231.9838277650993,0.06263819936062785
69.0,11.282586761276809,243.26238255900958,231.97979579773278,0.06263748769684524
69.2,11.325343972755297,243.3010697904497,231.9757258176944,0.06263676932063235
69.4,11.3681391207203,243.33975702188982,231.9716179011695,0.06263604424535217
69.6,11.410972129358404,243.37844425332997,231.96747212397156,0.06263531248430149
69.8,11.45384292322522,243.4171314847701,231.96328856154489,0.06263457405071138
70.0,11.49675142724253,243.45581871621022,231.95906728896767,0.06263382895774774
70.2,11.539697566695475,243.49450594765034,231.95480838095486,0.06263307721851182
70.4,11.582681267229757,243.5331931790905,231.95051191186073,0.06263231884604059
70.6,11.625702454848891,243.5718804105306,231.94617795568172,0.0626315538533074
70.8,11.668761055911473,243.61056764197073,231.94180658605927,0.06263078225322238
71.0,11.711856997128463,243.64925487341088,231.93739787628243,0.0626300040586329
71.2,11.754990205560524,243.687942104851,231.9329518992905,0.06262921928232403
71.4,11.798160608615374,243.72662933629113,231.92846872767575,0.06262842793701914
71.6,11.841368134045156,243.76531656773125,231.9239484336861,0.06262763003538027
71.8,11.88461270994387,243.80400379917137,231.9193910892275,0.06262682559000854
72.0,11.927894264744776,243.84269103061152,231.91479676586675,0.06262601461344472
72.2,11.97121272721788,243.88137826205164,231.91016553483377,0.06262519711816958
72.4,12.014568026467412,243.92006549349176,231.90549746702436,0.0626243731166044
72.6,12.05796009192932,243.9587527249319,231.9007926330026,0.06262354262111144
72.8,12.101388853368853,243.99743995637203,231.89605110300317,0.0626227056439943
73.0,12.144854240878077,244.03612718781216,231.89127294693407,0.06262186219749837
73.2,12.188356184873488,244.07481441925228,231.88645823437878,0.0626210122938113
73.4,12.231894616093618,244.11350165069243,231.8816070345988,0.0626201559450634
73.6,12.275469465596661,244.15218888213255,231.87671941653588,0.06261929316332805
73.8,12.319080664758157,244.19087611357267,231.8717954488145,0.06261842396062216
74.0,12.362728145268651,244.2295633450128,231.86683519974414,0.06261754834890652
74.2,12.406411839131408,244.26825057645294,231.86183873732153,0.06261666634008624
74.4,12.450131678660146,244.30693780789306,231.85680612923292,0.06261577794601117
74.6,12.493887596476771,244.34562503933319,231.8517374428564,0.06261488317847624
74.8,12.53767952550918,244.3843122707733,231.84663274526412,0.06261398204922199
75.0,12.581507398989032,244.42299950221346,231.84149210322443,0.06261307456993476
75.2,12.625371150449572,244.46168673365358,231.836315583204,0.06261216075224724
75.4,12.669270713723474,244.5003739650937,231.83110325137022,0.06261124060773882
75.6,12.713206022940694,244.53906119653382,231.82585517359314,0.06261031414793591
75.8,12.757177012526364,244.57774842797397,231.8205714154476,0.06260938138431241
76.0,12.80118361719868,244.6164356594141,231.8152520422154,0.06260844232828996
76.2,12.845225771966826,244.65512289085422,231.8098971188874,0.06260749699123849
76.4,12.889303412128926,244.69381012229434,231.8045067101654,0.06260654538447637
76.6,12.933416473269993,244.7324973537345,231.7990808804645,0.06260558751927095
76.8,12.977564891259933,244.7711845851746,231.79361969391468,0.0626046234068388
77.0,13.021748602251508,244.80987181661473,231.78812321436322,0.06260365305834617
77.2,13.065967542678393,244.84855904805488,231.7825915053765,0.06260267648490925
77.4,13.110221649253202,244.887246279495,231.7770246302418,0.06260169369759455
77.6,13.15451085896554,244.92593351093512,231.77142265196957,0.0626007047074193
77.8,13.198835109080093,244.96462074237525,231.76578563329514,0.06259970952535168
78.0,13.243194337134707,245.0033079738154,231.7601136366807,0.06259870816231128
78.2,13.287588480938512,245.04199520525552,231.754406724317,0.0625977006291693
78.4,13.332017478570048,245.08068243669564,231.7486649581256,0.06259668693674908
78.6,13.37648126837542,245.11936966813576,231.74288839976035,0.0625956670958262
78.8,13.420979788966456,245.1580568995759,231.73707711060945,0.06259464111712897
79.0,13.465512979218893,245.19674413101603,231.73123115179715,0.06259360901133867
79.2,13.510080778270572,245.23543136245615,231.72535058418558,0.06259257078908993
79.4,13.554683125519666,245.27411859389628,231.71943546837662,0.062591526460971
79.6,13.599319960622902,245.31280582533643,231.71348586471353,0.0625904760375241
79.8,13.643991223493819,245.35149305677655,231.70750183328272,0.06258941952924567
80.0,13.688696854301032,245.39018028821667,231.70148343391563,0.06258835694658675
80.2,13.733436793466502,245.42886751965682,231.69543072619032,0.06258728829995326
80.4,13.778210981663856,245.46755475109694,231.6893437694331,0.06258621359970629
80.6,13.82301935981668,245.50624198253706,231.6832226227204,0.0625851328561624
80.8,13.867861869096863,245.54492921397718,231.67706734488033,0.06258404607959396
81.0,13.912738450922935,245.5836164454173,231.67087799449436,0.06258295328022935
81.2,13.957649046958418,245.62230367685746,231.66465462989905,0.0625818544682534
81.4,14.002593599110211,245.66099090829758,231.65839730918736,0.06258074965380747
81.6,14.047572049526977,245.6996781397377,231.65210609021074,0.06257963884699
81.8,14.092584340597552,245.73836537117785,231.6457810305803,0.06257852205785655
82.0,14.137630414949346,245.77705260261797,231.63942218766863,0.0625773992964202
82.2,14.182710215446793,245.8157398340581,231.6330296186113,0.06257627057265183
82.4,14.227823685189783,245.85442706549821,231.62660338030844,0.06257513589648042
82.6,14.272970767512136,245.89311429693834,231.6201435294262,0.0625739952777932
82.8,14.31815140598007,245.9318015283785,231.6136501223984,0.06257284872643602
83.0,14.363365544390682,245.9704887598186,231.60712321542792,0.06257169625221368
83.2,14.408613126770463,246.00917599125873,231.60056286448827,0.06257053786489006
83.4,14.453894097373793,246.04786322269888,231.5939691253251,0.0625693735741884
83.6,14.49920840068149,246.086550454139,231.58734205345752,0.0625682033897917
83.8,14.544555981399334,246.12523768557912,231.5806817041798,0.06256702732134282
84.0,14.589936784456638,246.16392491701924,231.57398813256262,0.06256584537844484
84.2,14.635350755004795,246.2026121484594,231.5672613934546,0.06256465757066126
84.4,14.680797838415861,246.24129937989952,231.56050154148366,0.06256346390751627
84.6,14.726277980281155,246.27998661133964,231.55370863105847,0.062562264398495
84.8,14.771791126409866,246.31867384277976,231.5468827163699,0.06256105905304377
85.0,14.817337222827646,246.3573610742199,231.54002385139228,0.06255984788057035
85.2,14.862916215775265,246.39604830566003,231.53313208988476,0.06255863089044418
85.4,14.90852805170723,246.43473553710015,231.52620748539292,0.06255740809199661
85.6,14.954172677290444,246.47342276854027,231.51925009124983,0.06255617949452119
85.8,14.999850039402876,246.51210999998042,231.51225996057755,0.06255494510727383
86.0,15.045560085132221,246.55079723142055,231.50523714628832,0.06255370493947307
86.2,15.091302761774601,246.58948446286067,231.49818170108605,0.06255245900030038
86.4,15.137078016833254,246.62817169430082,231.49109367746757,0.06255120729890026
86.6,15.18288579801723,246.66685892574094,231.48397312772371,0.06254994984438057
86.8,15.228726053240145,246.70554615718106,231.47682010394092,0.06254868664581276
87.0,15.274598730618877,246.74423338862118,231.4696346580023,0.06254741771223199
87.2,15.320503778472323,246.78292062006133,231.462416841589,0.06254614305263753
87.4,15.366441145320149,246.82160785150145,231.4551667061813,0.06254486267599278
87.6,15.41241077988154,246.86029508294158,231.44788430306005,0.06254357659122566
87.8,15.458412631074006,246.8989823143817,231.4405696833077,0.06254228480722872
88.0,15.504446648012122,246.93766954582185,231.4332228978097,0.0625409873328594
88.2,15.550512780006354,246.97635677726197,231.4258439972556,0.0625396841769403
88.4,15.596610976561843,247.0150440087021,231.41843303214026,0.06253837534825922
88.6,15.642741187377228,247.0537312401422,231.410990052765,0.06253706085556959
88.8,15.688903362343476,247.09241847158236,231.4035151092389,0.06253574070759052
89.0,15.735097451542691,247.13110570302248,231.3960082514798,0.06253441491300707
89.2,15.781323405246978,247.1697929344626,231.38846952921563,0.06253308348047046
89.4,15.827581173917293,247.20848016590276,231.38089899198548,0.06253174641859825
89.6,15.873870708202297,247.24716739734288,231.37329668914057,0.06253040373597456
89.8,15.920191958937234,247.285854628783,231.36566266984576,0.06252905544115024
90.0,15.966544877142805,247.32454186022312,231.3579969830803,0.06252770154264314
90.2,16.01292941402406,247.36322909166324,231.35029967763919,0.06252634204893823
90.4,16.05934552096931,247.4019163231034,231.34257080213408,0.06252497696848781
90.6,16.105793149549,247.44060355454351,231.33481040499453,0.0625236063097118
90.8,16.152272251514674,247.47929078598364,231.32701853446895,0.06252223008099772
91.0,16.198782778797867,247.5179780174238,231.31919523862592,0.06252084829070118
91.2,16.245324683509025,247.5566652488639,231.3113405653549,0.06251946094714576
91.4,16.291897917936506,247.59535248030403,231.30345456236753,0.06251806805862344
91.6,16.33850243454547,247.63403971174415,231.2955372771987,0.06251666963339463
91.8,16.385138185976878,247.67272694318427,231.2875887572074,0.06251526567968843
92.0,16.43180512504644,247.71141417462442,231.27960904957797,0.06251385620570284
92.2,16.4785032047436,247.75010140606454,231.27159820132096,0.06251244121960484
92.4,16.52523237823051,247.78878863750467,231.26355625927417,0.06251102072953069
92.6,16.57199259884105,247.82747586894482,231.25548327010375,0.06250959474358597
92.8,16.61878382007979,247.86616310038494,231.24737928030515,0.06250816326984594
93.0,16.665605995621046,247.90485033182506,231.23924433620402,0.06250672631635552
93.2,16.71245907930784,247.94353756326518,231.23107848395733,0.06250528389112962
93.4,16.759343025150976,247.98222479470533,231.22288176955436,0.06250383600215324
93.6,16.806257787328036,248.02091202614545,231.21465423881742,0.06250238265738164
93.8,16.853203320182452,248.05959925758557,231.20639593740313,0.06250092386474053
94.0,16.900179578222517,248.0982864890257,231.19810691080318,0.06249945963212626
94.2,16.947186516120475,248.13697372046585,231.18978720434538,0.06249798996740592
94.4,16.994224088711555,248.17566095190597,231.18143686319442,0.06249651487841758
94.6,17.041292250993063,248.2143481833461,231.17305593235304,0.06249503437297043
94.8,17.088390958123437,248.2530354147862,231.16464445666278,0.06249354845884492
95.0,17.135520165421365,248.29172264622636,231.156202480805,0.06249205714379298
95.2,17.18267982836483,248.33040987766648,231.14773004930166,0.06249056043553808
95.4,17.229869902590238,248.3690971091066,231.13922720651635,0.06248905834177552
95.6,17.277090343891526,248.40778434054675,231.13069399665522,0.062487550870172485
95.8,17.32434110821927,248.44647157198688,231.1221304637676,0.062486038028368274
96.0,17.37162215167978,248.485158803427,231.1135366517472,0.062484519823974384
96.2,17.41893343053427,248.52384603486712,231.10491260433284,0.06248299626457475
96.4,17.466274901197945,248.56253326630727,231.09625836510932,0.06248146735772583
96.6,17.513646520239174,248.6012204977474,231.0875739775082,0.06247993311095679
96.8,17.561048244378625,248.6399077291875,231.0788594848089,0.06247839353176964
97.0,17.608480030488412,248.67859496062763,231.07011493013923,0.062476848627639414
97.2,17.65594183559125,248.71728219206778,231.06134035647653,0.062475298406014304
97.4,17.70343361685964,248.7559694235079,231.05253580664828,0.06247374287431577
97.6,17.75095533161502,248.79465665494803,231.043701323333,0.06247218203993877
97.8,17.798506937326955,248.83334388638815,231.0348369490612,0.06247061591025181
98.0,17.84608839161232,248.8720311178283,231.025942726216,0.0624690444925972
98.2,17.893699652234474,248.91071834926842,231.01701869703396,0.06246746779429106
98.4,17.941340677102485,248.94940558070854,231.00806490360605,0.0624658858226236
98.6,17.989011424270302,248.98809281214866,230.99908138787836,0.06246429858485917
98.8,18.036711851935987,249.02678004358881,230.99006819165282,0.06246270608823646
99.0,18.08444191844092,249.06546727502894,230.98102535658802,0.06246110833996858
99.2,18.13220158226901,249.10415450646906,230.97195292420005,0.062459505347243253
99.4,18.179990802045946,249.14284173790918,230.96285093586323,0.06245789711722291
99.6,18.227809536538388,249.18152896934933,230.95371943281094,0.06245628365704488
99.8,18.275657744653248,249.22021620078945,230.9445584561362,0.062454664973821454
100.0,18.323535385436912,249.25890343222957,230.93536804679266,0.06245304107464009
100.2,18.37144241807448,249.29759066366972,230.92614824559524,0.062451411966563494
100.4,18.419378801889035,249.33627789510984,230.91689909322082,0.06244977765662979
100.6,18.4673444963409,249.37496512654997,230.90762063020907,0.06244813815185263
100.8,18.515339461026898,249.4136523579901,230.8983128969632,0.062446493459221326
101.0,18.56336365567962,249.4523395894302,230.8889759337506,0.06244484358570099
101.2,18.611417040166717,249.49102682087036,230.87960978070365,0.062443188538232657
101.4,18.659499574490155,249.52971405231048,230.87021447782033,0.0624415283237334
101.6,18.707611218785527,249.5684012837506,230.86079006496507,0.062439862949096495
101.8,18.75575193332133,249.60708851519075,230.85133658186942,0.062438192421191516
102.0,18.803921678498263,249.64577574663087,230.84185406813262,0.06243651674686445
102.2,18.85212041484853,249.684462978071,230.83234256322245,0.06243483593293783
102.4,18.900348103035157,249.72315020951112,230.82280210647596,0.06243314998621091
102.6,18.948604703851274,249.76183744095127,230.8132327371,0.062431458913459734
102.8,18.996890178219466,249.8005246723914,230.80363449417192,0.0624297627214372
103.0,19.04520448719108,249.8392119038315,230.79400741664043,0.062428061416873334
103.2,19.093547591945548,249.87789913527163,230.7843515433261,0.06242635500647528
103.4,19.141919453789722,249.91658636671178,230.77466691292207,0.06242464349692748
103.6,19.190320034157207,249.9552735981519,230.7649535639947,0.06242292689489175
103.8,19.238749294607707,249.99396082959203,230.7552115349843,0.062421205207007446
104.0,19.287207196826376,250.03264806103215,230.74544086420576,0.062419478439891554
104.2,19.335693702623143,250.0713352924723,230.73564158984917,0.06241774660013881
104.4,19.3842087739321,250.11002252391242,230.72581374998032,0.06241600969432179
104.6,19.43275237281084,250.14870975535254,230.71595738254172,0.06241426772899107
104.8,19.48132446143982,250.1873969867927,230.70607252535288,0.06241252071067531
105.0,19.52992500212174,250.2260842182328,230.69615921611108,0.06241076864588139
105.2,19.578553957280917,250.26477144967293,230.68621749239202,0.062409011541094454
105.4,19.627211289462647,250.30345868111306,230.6762473916504,0.06240724940277813
105.6,19.675896961332597,250.34214591255318,230.66624895122058,0.062405482237374556
105.8,19.7246109356762,250.38083314399333,230.65622220831713,0.0624037100513045
106.0,19.77335317539802,250.41952037543345,230.64616720003542,0.06240193285096751
106.2,19.82212364352117,250.45820760687357,230.6360839633524,0.062400150642741986
106.4,19.870922303186703,250.49689483831372,230.625972535127,0.06239836343298528
106.6,19.919749117653005,250.53558206975384,230.61583295210085,0.06239657122803384
106.8,19.968604050295227,250.57426930119397,230.60566525089874,0.062394774034203265
107.0,20.017487064604655,250.6129565326341,230.59546946802942,0.06239297185778848
107.2,20.066398124188172,250.65164376407424,230.58524563988607,0.06239116470506377
107.4,20.115337192767644,250.69033099551436,230.57499380274672,0.06238935258228291
107.6,20.164304234179347,250.72901822695448,230.56471399277513,0.06238753549567928
107.8,20.213299212373432,250.7677054583946,230.55440624602116,0.06238571345146597
108.0,20.262322091413285,250.80639268983475,230.54407059842146,0.06238388645583584
108.2,20.31137283547502,250.84507992127487,230.53370708579985,0.06238205451496165
108.4,20.36045140884691,250.883767152715,230.5233157438681,0.062380217634996175
108.6,20.409557775928793,250.92245438415512,230.51289660822633,0.062378375822072285
108.8,20.45869190123158,250.96114161559527,230.50244971436368,0.06237652908230304
109.0,20.507853749376636,250.9998288470354,230.49197509765875,0.062374677421781786
109.2,20.557043285095286,251.0385160784755,230.48147279338022,0.062372820846582286
109.4,20.606260473228247,251.07720330991566,230.4709428366874,0.06237095936275876
109.6,20.655505278725098,251.11589054135578,230.4603852626307,0.06236909297634603
109.8,20.70477766664375,251.1545777727959,230.44980010615217,0.06236722169335958
110.0,20.754077602149906,251.19326500423603,230.43918740208613,0.06236534551979569
110.2,20.803405050516517,251.23195223567615,230.42854718515963,0.06236346446163149
110.4,20.8527599771233,251.2706394671163,230.417879489993,0.06236157852482509
110.6,20.902142347456167,251.30932669855642,230.40718435110026,0.062359687715315616
110.8,20.95155212710677,251.34801392999654,230.39646180288977,0.06235779203902338
111.0,21.00098928177192,251.3867011614367,230.38571187966477,0.06235589150184989
111.2,21.050453777253093,251.4253883928768,230.37493461562372,0.06235398610967803
111.4,21.09994557945598,251.46407562431693,230.36413004486096,0.06235207586837205
111.6,21.149464654389902,251.50276285575706,230.35329820136715,0.06235016078377774
111.8,21.19901096816737,251.5414500871972,230.34243911902985,0.0623482408617225
112.0,21.248584487003562,251.58013731863733,230.33155283163376,0.06234631610801536
112.2,21.29818517721581,251.61882455007745,230.32063937286165,0.06234438652844719
112.4,21.347813005223156,251.65751178151757,230.30969877629443,0.062342452128790665
112.6,21.397467937545812,251.69619901295772,230.29873107541192,0.062340512914800444
112.8,21.44714994080475,251.73488624439784,230.28773630359308,0.062338568892213175
113.0,21.49685898172113,251.77357347583796,230.27671449411685,0.062336620066747686
113.2,21.54659502711589,251.81226070727809,230.2656656801622,0.062334666444104944
113.4,21.596358043909234,251.85094793871824,230.254589894809,0.06233270802996827
113.6,21.646147999120174,251.88963517015836,230.24348717103817,0.062330744830003296
113.8,21.695964859866084,251.92832240159848,230.2323575417324,0.062328776849858145
114.0,21.74580859336219,251.96700963303863,230.22120103967643,0.062326804095163474
114.2,21.79567916692114,252.00569686447875,230.21001769755762,0.06232482657153253
114.4,21.84557654795252,252.04438409591887,230.19880754796634,0.06232284428456133
114.6,21.895500703962412,252.083071327359,230.1875706233966,0.0623208572398286
114.8,21.94545160255297,252.12175855879912,230.17630695624615,0.06231886544289597
115.0,21.995429211421904,252.16044579023927,230.16501657881736,0.06231686889930802
115.2,22.04543349836209,252.1991330216794,230.1536995233173,0.06231486761459233
115.4,22.095464431261075,252.2378202531195,230.14235582185844,0.06231286159425958
115.6,22.145521978100685,252.27650748455966,230.13098550645898,0.06231085084380368
115.8,22.195606106956557,252.31519471599978,230.11958860904323,0.06230883536870175
116.0,22.245716785997715,252.3538819474399,230.10816516144217,0.06230681517441425
116.2,22.295853983486104,252.39256917888002,230.09671519539393,0.062304790266385086
116.4,22.34601766777622,252.43125641032017,230.08523874254396,0.06230276065004166
116.6,22.396207807314607,252.4699436417603,230.0737358344457,0.06230072633079488
116.8,22.44642437063951,252.50863087320042,230.0622065025609,0.06229868731403935
117.0,22.496667326380386,252.54731810464054,230.05065077826015,0.06229664360515339
117.2,22.546936643257517,252.5860053360807,230.03906869282318,0.06229459520949913
117.4,22.5972322900816,252.6246925675208,230.02746027743922,0.0622925421324225
117.6,22.647554235753283,252.66337979896093,230.01582556320764,0.062290484379253434
117.8,22.69790244926283,252.70206703040105,230.0041645811382,0.06228842195530587
118.0,22.748276899689653,252.7407542618412,229.99247736215156,0.062286354865877816
118.2,22.798677556201906,252.77944149328133,229.98076393707942,0.06228428311625145
118.4,22.849104388056126,252.81812872472145,229.9690243366653,0.062282206711693176
118.6,22.899557364596756,252.85681595616157,229.95725859156482,0.06228012565745373
118.8,22.950036455255844,252.89550318760172,229.94546673234586,0.0622780399587682
119.0,23.000541629552554,252.93419041904184,229.9336487894893,0.06227594962085609
119.2,23.051072857092823,252.97287765048196,229.92180479338913,0.06227385464892149
119.4,23.101630107568955,253.01156488192208,229.90993477435313,0.062271755048153014
119.6,23.15221335075923,253.05025211336223,229.898038762603,0.06226965082372396
119.8,23.202822556527515,253.08893934480236,229.88611678827485,0.06226754198079235
120.0,23.253457694822888,253.12762657624248,229.8741688814196,0.06226542852450098
120.2,23.30411873567925,253.16631380768263,229.86219507200337,0.06226331045997754
120.4,23.35480564921494,253.20500103912275,229.8501953899078,0.062261187792334596
120.6,23.405518405632364,253.24368827056287,229.8381698649305,0.06225906052666977
120.8,23.456256975217617,253.282375502003,229.82611852678536,0.0622569286680657
121.0,23.507021328340116,253.32106273344314,229.814041405103,0.06225479222159018
121.2,23.557811435452205,253.35974996488326,229.80193852943106,0.06225265119229618
121.4,23.608627267088828,253.39843719632339,229.78980992923456,0.06225050558522194
121.6,23.659468793867124,253.4371244277635,229.7776556338964,0.06224835540539102
121.8,23.710335986486083,253.47581165920366,229.76547567271757,0.06224620065781238
122.0,23.761228815726174,253.51449889064378,229.7532700749176,0.06224404134748042
122.2,23.81214725244899,253.5531861220839,229.7410388696349,0.062241877479375075
122.4,23.8630912675969,253.59187335352402,229.72878208592712,0.06223970905846186
122.6,23.914060832192668,253.63056058496417,229.7164997527715,0.06223753608969192
122.8,23.96505591733913,253.6692478164043,229.70419189906517,0.06223535857800211
123.0,24.016076494218815,253.70793504784442,229.6918585536256,0.06223317652831509
123.2,24.067122534093617,253.74662227928457,229.67949974519095,0.0622309899455393
123.4,24.11819400830444,253.7853095107247,229.66711550242024,0.06222879883456912
123.6,24.169290888270847,253.8239967421648,229.65470585389397,0.062226603200284863
123.8,24.22041314549073,253.86268397360493,229.6422708281142,0.06222440304755285
124.0,24.27156075153996,253.90137120504505,229.6298104535051,0.062222198381225516
124.2,24.32273367807204,253.9400584364852,229.61732475841316,0.06221998920614141
124.4,24.373931896817798,253.97874566792532,229.60481377110753,0.06221777552712528
124.6,24.42515537958501,254.01743289936545,229.59227751978042,0.06221555734898811
124.8,24.47640409825812,254.0561201308056,229.57971603254748,0.06221333467652726
125.0,24.52767802479784,254.09480736224572,229.56712933744788,0.06221110751452641
125.2,24.57897713124089,254.13349459368584,229.55451746244495,0.062208875867755684
125.4,24.630301389699632,254.17218182512596,229.54188043542632,0.06220663974097172
125.6,24.681650772361756,254.21086905656608,229.52921828420432,0.062204399138917704
125.8,24.733025251489952,254.24955628800623,229.51653103651628,0.0622021540663234
126.0,24.784424799421593,254.28824351944635,229.50381872002475,0.062199904527905275
126.2,24.835849388568413,254.32693075088648,229.49108136231806,0.06219765052836648
126.4,24.887298991416188,254.36561798232663,229.47831899091045,0.06219539207239699
126.6,24.93877358052444,254.40430521376675,229.4655316332423,0.06219312916467356
126.8,24.99027312852608,254.44299244520687,229.4527193166808,0.06219086180985989
127.0,25.041797608127148,254.481679676647,229.43988206851984,0.062188590012606564
127.2,25.093346992106465,254.52036690808714,229.42701991598068,0.06218631377755123
127.4,25.144921253315335,254.55905413952726,229.41413288621192,0.06218403310931854
127.6,25.196520364677244,254.59774137096738,229.40122100629014,0.06218174801252031
127.8,25.24814429918756,254.6364286024075,229.38828430321993,0.06217945849175546
128.0,25.29979302991321,254.67511583384766,229.37532280393444,0.06217716455161018
128.2,25.351466529992386,254.71380306528778,229.36233653529538,0.06217486619665788
128.4,25.403164772634288,254.7524902967279,229.34932552409362,0.062172563431459354
128.6,25.45488773111873,254.79117752816802,229.3362897970493,0.06217025626056273
128.8,25.506635378795945,254.82986475960817,229.32322938081222,0.062167944688503604
129.0,25.558407689086238,254.8685519910483,229.31014430196205,0.06216562871980501
129.2,25.610204635479686,254.9072392224884,229.29703458700874,0.06216330835897753
129.4,25.662026191535904,254.94592645392856,229.28390026239265,0.06216098361051936
129.6,25.71387233088367,254.98461368536869,229.270741354485,0.06215865447891632
129.8,25.76574302722071,255.0233009168088,229.2575578895881,0.06215632096864192
130.0,25.817638254313383,255.06198814824893,229.24434989393555,0.062153983084157385
130.2,25.869557985996387,255.10067537968905,229.23111739369267,0.06215164082991177
130.4,25.92150219617251,255.1393626111292,229.2178604149567,0.06214929421034196
130.6,25.9734708588123,255.17804984256932,229.20457898375702,0.06214694322987273
130.8,26.025463947953828,255.21673707400944,229.19127312605562,0.062144587892916776
131.0,26.07748143770239,255.2554243054496,229.17794286774722,0.06214222820387483
131.2,26.12952330223023,255.29411153688972,229.16458823465948,0.06213986416713559
131.4,26.181589515776288,255.33279876832984,229.15120925255354,0.062137495787075926
131.6,26.233680052645877,255.37148599976996,229.1378059471241,0.06213512306806081
131.8,26.28579488721048,255.4101732312101,229.12437834399964,0.06213274601444338
132.0,26.337933993907406,255.44886046265023,229.11092646874283,0.06213036463056503
132.2,26.39009734723957,255.48754769409035,229.0974503468508,0.062127978920755444
132.4,26.442284921775236,255.5262349255305,229.08395000375526,0.06212558888933262
132.6,26.49449669214769,255.56492215697062,229.07042546482293,0.0621231945406029
132.8,26.546732633055036,255.60360938841075,229.05687675535572,0.06212079587886114
133.0,26.59899271925991,255.64229661985087,229.04330390059096,0.062118392908390586
133.2,26.651276925589205,255.680983851291,229.0297069257018,0.06211598563346303
133.4,26.703585226933853,255.71967108273114,229.0160858557973,0.062113574058338825
133.6,26.7559175982485,255.75835831417126,229.00244071592277,0.062111158187266924
133.8,26.808274014551337,255.79704554561138,228.98877153106005,0.06210873802448494
134.0,26.860654450923747,255.83573277705153,228.9750783261278,0.06210631357421921
134.2,26.913058882510118,255.87442000849165,228.96136112598154,0.06210388484068477
134.4,26.965487284517597,255.91310723993178,228.94761995541418,0.0621014518280855
134.6,27.017939632215757,255.9517944713719,228.93385483915614,0.06209901454061406
134.8,27.070415900936464,255.99048170281205,228.92006580187558,0.06209657298245204
135.0,27.12291606607351,256.02916893425214,228.90625286817863,0.06209412715776991
135.2,27.175440103082465,256.0678561656923,228.89241606260987,0.062091677070727144
135.4,27.227987987480375,256.10654339713244,228.87855540965205,0.062089222725472196
135.6,27.28055969484551,256.14523062857256,228.86467093372704,0.06208676412614263
135.8,27.33315520081719,256.1839178600127,228.85076265919548,0.062084301276865025
136.0,27.38577448109543,256.2226050914528,228.83683061035737,0.06208183418175517
136.2,27.438417511440814,256.2612923228929,228.82287481145212,0.062079362844918023
136.4,27.4910842676742,256.29997955433305,228.80889528665884,0.06207688727044774
136.6,27.54377472567645,256.33866678577317,228.7948920600967,0.06207440746242779
136.8,27.596488861388288,256.37735401721335,228.78086515582507,0.062071923424930925
137.0,27.64922665080995,256.41604124865347,228.7668145978435,0.06206943516201923
137.2,27.701988070001036,256.4547284800936,228.75274041009254,0.06206694267774425
137.4,27.754773095080257,256.4934157115337,228.73864261645346,0.06206444597614691
137.6,27.807581702225164,256.53210294297384,228.7245212407487,0.06206194506125764
137.8,27.860413867671987,256.57079017441396,228.71037630674198,0.06205943993709636
138.0,27.913269567715318,256.6094774058541,228.69620783813878,0.06205693060767259
138.2,27.96614877870797,256.64816463729426,228.68201585858628,0.06205441707698543
138.4,28.019051477060703,256.6868518687344,228.66780039167367,0.0620518993490236
138.6,28.071977639241986,256.7255391001745,228.6535614609325,0.062049377427765534
138.8,28.124927241777822,256.7642263316146,228.6392990898368,0.062046851317179366
139.0,28.177900261251466,256.80291356305474,228.62501330180328,0.06204432102122301
139.2,28.230896674303267,256.84160079449487,228.6107041201916,0.06204178654384415
139.4,28.283916457630404,256.880288025935,228.5963715683046,0.062039247888980326
139.6,28.336959587986637,256.9189752573751,228.58201566938848,0.06203670506055896
139.8,28.39002604218219,256.9576624888153,228.5676364466331,0.062034158062497395
140.0,28.443115797083404,256.9963497202554,228.553233923172,0.06203160689870291
140.2,28.496228829612654,257.03503695169553,228.53880812208288,0.06202905157307277
140.4,28.549365116748028,257.07372418313565,228.52435906638763,0.06202649208949432
140.6,28.602524635523146,257.1124114145758,228.50988677905264,0.06202392845184493
140.8,28.655707363026988,257.1510986460159,228.49539128298892,0.06202136066399209
141.0,28.7089132764036,257.189785877456,228.48087260105243,0.06201878872979344
141.2,28.762142352851985,257.22847310889614,228.46633075604416,0.06201621265309681
141.4,28.815394569625806,257.2671603403363,228.45176577071052,0.06201363243774025
141.6,28.868669904033208,257.30584757177644,228.43717766774324,0.06201104808755204
141.8,28.921968333436645,257.34453480321656,228.42256646977992,0.06200845960635079
142.0,28.975289835252603,257.3832220346567,228.4079321994041,0.06200586699794541
142.2,29.02863438695148,257.4219092660968,228.39327487914534,0.062003270266135196
142.4,29.082001966057298,257.4605964975369,228.37859453147962,0.06200066941470986
142.6,29.135392550147543,257.49928372897705,228.3638911788295,0.061998064447449514
142.8,29.18880611685299,257.5379709604172,228.34916484356424,0.0619954553681248
143.0,29.24224264385743,257.57665819185735,228.33441554799992,0.061992842180496825
143.2,29.295702108897547,257.61534542329747,228.3196433143999,0.061990224888317236
143.4,29.349184489762663,257.6540326547376,228.30484816497494,0.061987603495328336
143.6,29.402689764294553,257.6927198861777,228.29003012188315,0.06198497800526295
143.8,29.456217910387284,257.73140711761783,228.27518920723054,0.06198234842184462
144.0,29.509768905986952,257.77009434905796,228.260325443071,0.061979714748787565
144.2,29.56334272909157,257.8087815804981,228.2454388514065,0.0619770769897967
144.4,29.61693935775079,257.84746881193826,228.23052945418746,0.06197443514856774
144.6,29.670558770065778,257.8861560433784,228.2155972733126,0.06197178922878714
144.8,29.724200944188983,257.9248432748185,228.2006423306295,0.06196913923413221
145.0,29.777865858323942,257.9635305062586,228.1856646479347,0.06196648516827112
145.2,29.831553490725142,258.00221773769874,228.17066424697362,0.06196382703486293
145.4,29.88526381969777,258.04090496913886,228.1556411494411,0.061961164837557606
145.6,29.93899682359755,258.079592200579,228.14059537698142,0.06195849857999611
145.8,29.99275248083057,258.1182794320191,228.12552695118853,0.061955828265810364
146.0,30.04653076985305,258.1569666634593,228.11043589360622,0.06195315389862334
146.2,30.100331669171233,258.1956538948994,228.09532222572818,0.061950475482049044
146.4,30.154155157341126,258.23434112633953,228.0801859689984,0.061947793019692596
146.6,30.208001212968366,258.27302835777965,228.0650271448113,0.06194510651515023
146.8,30.261869814708003,258.3117155892198,228.04984577451177,0.061942415972009335
147.0,30.315760941264323,258.3504028206599,228.03464187939556,0.0619397213938485
147.2,30.369674571390718,258.3890900521,228.0194154807093,0.06193702278423753
147.4,30.42361068388944,258.4277772835402,228.00416659965074,0.06193432014673747
147.6,30.477569257611453,258.4664645149803,227.98889525736885,0.06193161348490066
147.8,30.53155027145626,258.50515174642044,227.97360147496417,0.06192890280227076
148.0,30.585553704371698,258.54383897786056,227.95828527348885,0.061926188102382776
148.2,30.63957953535382,258.5825262093007,227.94294667394686,0.061923469388763086
148.4,30.693627743446644,258.6212134407408,227.92758569729415,0.061920746664929485
148.6,30.74769830774204,258.6599006721809,227.91220236443888,0.06191801993439121
148.8,30.801791207379523,258.69858790362105,227.89679669624152,0.061915289200648954
149.0,30.85590642154608,258.7372751350612,227.88136871351514,0.06191255446719496
149.2,30.910043929476032,258.77596236650135,227.8659184370253,0.06190981573751292
149.4,30.964203710450832,258.81464959794147,227.85044588749065,0.06190707301507818
149.6,31.018385743798902,258.8533368293816,227.8349510855827,0.06190432630335761
149.8,31.072590008895467,258.8920240608217,227.81943405192624,0.06190157560580975
150.0,31.12681648516236,258.93071129226183,227.80389480709948,0.061898820925884786
150.2,31.181065152067927,258.96939852370195,227.78833337163402,0.06189606226702456
150.4,31.23533598912679,259.00808575514213,227.77274976601535,0.06189329963266266
150.6,31.289628975899674,259.04677298658225,227.75714401068257,0.061890533026224374
150.8,31.343944091993325,259.0854602180224,227.74151612602904,0.061887762451126815
151.0,31.39828131706025,259.1241474494625,227.72586613240225,0.06188498791077888
151.2,31.452640630798616,259.1628346809026,227.710194050104,0.06188220940858126
151.4,31.507022012952074,259.20152191234274,227.69449989939068,0.061879426947926544
151.6,31.561425443309567,259.24020914378286,227.6787837004733,0.06187664053219921
151.8,31.615850901705215,259.278896375223,227.66304547351777,0.06187385016477563
152.0,31.670298368018123,259.3175836066631,227.647285238645,0.06187105584902414
152.2,31.72476782217222,259.3562708381033,227.63150301593106,0.061868257588305026
152.4,31.77925924413614,259.3949580695434,227.61569882540726,0.0618654553859706
152.6,31.83377261392301,259.4336453009835,227.59987268706053,0.061862649245365206
152.8,31.888307911590328,259.47233253242365,227.58402462083333,0.06185983916982521
153.0,31.942865117239787,259.51101976386377,227.56815464662398,0.0618570251626791
153.2,31.997444211017143,259.5497069953039,227.55226278428674,0.06185420722724748
153.4,32.05204517311205,259.588394226744,227.53634905363197,0.06185138536684304
153.6,32.10666798375788,259.6270814581842,227.5204134744263,0.061848559584770715
153.8,32.1613126232316,259.6657686896243,227.50445606639272,0.06184572988432758
154.0,32.215979071853624,259.70445592106444,227.48847684921083,0.06184289626880295
154.2,32.27066730998763,259.74314315250456,227.47247584251693,0.061840058741478375
154.4,32.32537731804045,259.7818303839447,227.4564530659042,0.06183721730562771
154.6,32.38010907646188,259.8205176153848,227.44040853892292,0.061834371964517104
154.8,32.434862565744524,259.8592048468249,227.42434228108038,0.06183152272140501
155.0,32.48963776642371,259.89789207826504,227.40825431184135,0.06182866957954229
155.2,32.544434659077275,259.9365793097052,227.39214465062796,0.061825812542172134
155.4,32.599253224325466,259.97526654114534,227.37601331681986,0.06182295161253014
155.6,32.65409344283073,260.01395377258547,227.35986032975472,0.0618200867938444
155.8,32.70895529529763,260.0526410040256,227.34368570872795,0.06181721808933541
156.0,32.763838762472666,260.0913282354657,227.32748947299305,0.06181434550221617
156.2,32.818743825144146,260.13001546690583,227.3112716417617,0.06181146903569221
156.4,32.87367046414205,260.16870269834595,227.29503223420392,0.061808588692961554
156.6,32.92861866033783,260.20738992978613,227.2787712694483,0.06180570447721486
156.8,32.98358839464437,260.24607716122625,227.2624887665819,0.061802816391635304
157.0,33.038579648015734,260.2847643926664,227.24618474465063,0.06179992443939869
157.2,33.09359240144707,260.3234516241065,227.22985922265943,0.06179702862367352
157.4,33.14862663597453,260.3621388555466,227.2135122195721,0.06179412894762088
157.6,33.203682332675,260.40082608698674,227.19714375431175,0.06179122541439461
157.8,33.25875947266611,260.43951331842686,227.18075384576076,0.0617883180271412
158.0,33.31385803710592,260.478200549867,227.16434251276107,0.061785406788999964
158.2,33.36897800719298,260.5168877813071,227.1479097741141,0.061782491703102876
158.4,33.424119364166046,260.5555750127473,227.13145564858124,0.0617795727725748
158.6,33.479282089303965,260.5942622441874,227.11498015488343,0.06177665000053334
158.8,33.53446616392563,260.6329494756275,227.0984833117019,0.061773723390088964
159.0,33.589671569389715,260.67163670706765,227.08196513767794,0.061770792944344996
159.2,33.644898287094634,260.71032393850777,227.06542565141314,0.061767858666397626
159.4,33.70014629847837,260.7490111699479,227.0488648714695,0.061764920559335995
159.6,33.75541558501835,260.787698401388,227.03228281636967,0.06176197862624216
159.8,33.810706128231296,260.8263856328282,227.0156795045969,0.06175903287019112
160.0,33.86601790967313,260.8650728642683,226.99905495459518,0.06175608329425083
160.2,33.92135091093878,260.90376009570844,226.98240918476966,0.061753129901482295
160.4,33.97670511366212,260.94244732714856,226.96574221348644,0.061750172694939535
160.6,34.032080499515786,260.9811345585887,226.9490540590729,0.06174721167766961
160.8,34.087477050211085,261.0198217900288,226.93234473981772,0.06174424685271264
161.0,34.14289474749782,261.0585090214689,226.9156142739711,0.06174127822310186
161.2,34.19833357316419,261.09719625290904,226.89886267974487,0.06173830579186364
161.4,34.2537935090367,261.1358834843492,226.8820899753125,0.06173532956201743
161.6,34.30927453697992,261.17457071578934,226.86529617880942,0.061732349536575915
161.8,34.364776638896494,261.21325794722947,226.84848130833296,0.0617293657185449
162.0,34.42029979672691,261.2519451786696,226.83164538194268,0.06172637811092346
162.2,34.475843992449434,261.2906324101097,226.81478841766028,0.06172338671670386
162.4,34.53140920807996,261.32931964154983,226.79791043346987,0.06172039153887163
162.6,34.58699542567187,261.36800687298995,226.78101144731806,0.06171739258040558
162.8,34.642602627315966,261.40669410443013,226.76409147711416,0.06171438984427782
163.0,34.698230795140255,261.44538133587025,226.74715054073,0.06171138333345377
163.2,34.753879911309944,261.4840685673104,226.73018865600042,0.06170837305089219
163.4,34.80954995802721,261.5227557987505,226.71320584072328,0.0617053589995452
163.6,34.86524091753111,261.5614430301906,226.6962021126595,0.061702341182358345
163.8,34.92095277209752,261.60013026163074,226.67917748953323,0.06169931960227052
164.0,34.97668550403892,261.63881749307086,226.66213198903193,0.06169629426221408
164.2,35.03243909570434,261.677504724511,226.64506562880663,0.06169326516511481
164.4,35.088213529479226,261.71619195595116,226.62797842647194,0.061690232313892014
164.6,35.14400878778527,261.7548791873913,226.61087039960603,0.06168719571145842
164.8,35.199824853080386,261.7935664188314,226.59374156575103,0.0616841553607203
165.0,35.25566170785851,261.8322536502715,226.57659194241302,0.06168111126457747
165.2,35.311519334649525,261.87094088171165,226.55942154706213,0.0616780634259233
165.4,35.36739771601914,261.90962811315177,226.54223039713264,0.061675011847644706
165.6,35.42329683456872,261.9483153445919,226.5250185100232,0.06167195653262225
165.8,35.47921667293529,261.98700257603207,226.5077859030968,0.06166889748373006
166.0,35.535157213791244,262.0256898074722,226.49053259368094,0.06166583470383594
166.2,35.59111843984443,262.0643770389123,226.4732585990679,0.06166276819580131
166.4,35.647100333837884,262.10306427035243,226.45596393651454,0.06165969796248133
166.6,35.70310287854975,262.14175150179256,226.4386486232428,0.0616566240067248
166.8,35.759126056793235,262.1804387332327,226.42131267643944,0.06165354633137426
167.0,35.81516985141639,262.2191259646728,226.4039561132564,0.061650464939266014
167.2,35.871234245302105,262.2578131961129,226.38657895081082,0.06164737983323007
167.4,35.9273192213679,262.29650042755304,226.36918120618515,0.06164429101609028
167.6,35.98342476256587,262.3351876589932,226.35176289642735,0.061641198490664253
167.8,36.03955085188259,262.37387489043334,226.33432403855076,0.0616381022597634
168.0,36.095697472338905,262.41256212187346,226.31686464953455,0.06163500232619301
168.2,36.151864606989975,262.4512493533136,226.2993847463236,0.06163189869275221
168.4,36.208052238925035,262.4899365847537,226.28188434582867,0.06162879136223401
168.6,36.26426035126731,262.52862381619383,226.26436346492653,0.06162568033742533
168.8,36.320488927174,262.567311047634,226.24682212046002,0.061622565621106976
169.0,36.376737949836,262.60599827907413,226.22926032923812,0.06161944721605369
169.2,36.43300740247799,262.64468551051425,226.21167810803627,0.061616325125034205
169.4,36.489297268358165,262.6833727419544,226.1940754735962,0.06161319935081118
169.6,36.54560753076822,262.7220599733945,226.17645244262627,0.061610069896141297
169.8,36.60193817303322,262.7607472048346,226.1588090318014,0.06160693676377525
170.0,36.65828917851146,262.79943443627474,226.14114525776327,0.06160379995645773
170.2,36.71466053059442,262.83812166771486,226.12346113712044,0.06160065947692752
170.4,36.771052212706635,262.876808899155,226.10575668644833,0.06159751532791745
170.6,36.82746420830555,262.91549613059516,226.08803192228962,0.06159436751215443
170.8,36.88389650088149,262.9541833620353,226.0702868611538,0.061591216032359467
171.0,36.940349073957485,262.9928705934754,226.0525215195179,0.06158806089124771
171.2,36.996821911089235,263.0315578249155,226.0347359138263,0.06158490209152845
171.4,37.053314995864945,263.07024505635565,226.0169300604907,0.06158173963590511
171.6,37.10982831190526,263.10893228779577,225.9991039758905,0.061578573527075325
171.8,37.16636184286317,263.1476195192359,225.9812576763727,0.06157540376773091
172.0,37.22291557242383,263.18630675067607,225.96339117825224,0.06157223036055787
172.2,37.279489484304605,263.2249939821162,225.94550449781158,0.06156905330823648
172.4,37.33608356225483,263.2636812135563,225.92759765130148,0.061565872613441236
172.6,37.39269779005579,263.30236844499643,225.90967065494064,0.06156268827884092
172.8,37.449332151520586,263.34105567643655,225.89172352491596,0.06155950030709858
173.0,37.50598663049403,263.3797429078767,225.87375627738265,0.06155630870087159
173.2,37.56266121085259,263.4184301393168,225.85576892846422,0.0615531134628116
173.4,37.619355876504265,263.4571173707569,225.83776149425265,0.061549914595564664
173.6,37.67607061138844,263.49580460219704,225.8197339908086,0.06154671210177112
173.8,37.7328053994759,263.5344918336372,225.80168643416133,0.06154350598406573
174.0,37.7895602247686,263.57317906507734,225.78361884030875,0.06154029624507762
174.2,37.84633507129969,263.61186629651746,225.76553122521779,0.06153708288743032
174.4,37.90312992313333,263.6505535279576,225.74742360482426,0.061533865913741784
174.6,37.95994476436464,263.6892407593977,225.72929599503306,0.061530645326624424
174.8,38.0167795791196,263.7279279908378,225.71114841171823,0.061527421128685096
175.0,38.07363435155492,263.766615222278,225.6929808707231,0.061524193322525136
175.2,38.130509065858,263.8053024537181,225.67479338786012,0.06152096191074035
175.4,38.18740370624681,263.84398968515825,225.65658597891144,0.06151772689592108
175.6,38.24431825696977,263.88267691659837,225.6383586596286,0.061514488280652174
175.8,38.301252702305696,263.9213641480385,225.6201114457328,0.061511246067513015
176.0,38.35820702656368,263.9600513794786,225.60184435291492,0.061508000259077586
176.2,38.41518121408304,263.99873861091874,225.5835573968357,0.06150475085791439
176.4,38.47217524923316,264.03742584235886,225.5652505931257,0.06150149786658654
176.6,38.52918911641346,264.076113073799,225.5469239573855,0.06149824128765176
176.8,38.586222800053264,264.11480030523916,225.5285775051859,0.06149498112366242
177.0,38.64327628461173,264.1534875366793,225.51021125206756,0.061491717377165474
177.2,38.70034955457775,264.1921747681194,225.49182521354166,0.06148845005070255
177.4,38.75744259446987,264.2308619995595,225.47341940508966,0.061485179146809996
177.6,38.81455538883619,264.26954923099964,225.45499384216345,0.06148190466801877
177.8,38.871687922254274,264.30823646243977,225.4365485401855,0.061478626616854604
178.0,38.92884017933106,264.3469236938799,225.4180835145488,0.06147534499583789
178.2,38.98601214470279,264.38561092532007,225.39959878061728,0.06147205980748381
178.4,39.0432038030349,264.4242981567602,225.3810943537253,0.061468771054302235
178.6,39.100415139021926,264.4629853882003,225.3625702491784,0.061465478738797846
178.8,39.15764613738743,264.50167261964043,225.344026482253,0.0614621828634701
179.0,39.21489678288395,264.54035985108055,225.3254630681966,0.061458883430813224
179.2,39.272167060292794,264.5790470825207,225.3068800222279,0.061455580443316296
179.4,39.329456954424145,264.6177343139608,225.28827735953666,0.0614522739034632
179.6,39.386766450116745,264.6564215454009,225.26965509528418,0.061448963813732674
179.8,39.44409553223801,264.6951087768411,225.2510132446031,0.06144565017659828
180.0,39.50144418568382,264.7337960082812,225.2323518225974,0.061442332994528503
180.2,39.558812395378496,264.77248323972134,225.21367084434286,0.06143901226998669
180.4,39.6162001462747,264.81117047116146,225.19497032488675,0.06143568800543108
180.6,39.673607423353296,264.8498577026016,225.17625027924828,0.06143236020331486
180.8,39.731034211623374,264.8885449340417,225.15751072241832,0.061429028866086144
181.0,39.78848049612207,264.9272321654818,225.13875166935975,0.06142569399618797
181.2,39.84594626191452,264.965919396922,225.11997313500748,0.06142235559605837
181.4,39.90343149409381,265.0046066283621,225.10117513426832,0.06141901366813033
181.6,39.9609361777808,265.04329385980225,225.08235768202144,0.06141566821483185
181.8,40.01846029812416,265.08198109124237,225.06352079311822,0.06141231923858592
182.0,40.07600384030018,265.1206683226825,225.0446644823823,0.06140896674181056
182.2,40.133566789512756,265.1593555541226,225.02578876460984,0.06140561072691883
182.4,40.1911491309933,265.19804278556273,225.00689365456944,0.06140225119631883
182.6,40.248750850000626,265.23673001700286,224.98797916700224,0.06139888815241374
182.8,40.3063719318209,265.27541724844303,224.96904531662213,0.06139552159760182
183.0,40.36401236176754,265.31410447988316,224.9500921181156,0.06139215153427639
183.2,40.42167212518115,265.3527917113233,224.93111958614213,0.06138877796482593
183.4,40.47935120742947,265.3914789427634,224.91212773533394,0.061385400891634
183.6,40.53704959390718,265.4301661742035,224.89311658029635,0.06138202031707933
183.8,40.59476727003598,265.46885340564364,224.87408613560766,0.06137863624353577
184.0,40.65250422126441,265.50754063708376,224.85503641581937,0.06137524867337236
184.2,40.71026043306776,265.5462278685239,224.83596743545613,0.061371857608953306
184.4,40.76803589094809,265.58491509996406,224.81687920901598,0.061368463052638
184.6,40.82583058043404,265.6236023314042,224.79777175097016,0.06136506500678106
184.8,40.8836444870808,265.6622895628443,224.7786450757635,0.0613616634737323
185.0,40.94147759647007,265.70097679428443,224.75949919781436,0.0613582584558368
185.2,40.99932989420991,265.73966402572455,224.74033413151466,0.061354849955434845
185.4,41.05720136593472,265.7783512571647,224.72114989122994,0.06135143797486202
185.6,41.11509199730513,265.8170384886048,224.70194649129968,0.06134802251644915
185.8,41.17300177400795,265.8557257200449,224.68272394603696,0.0613446035825224
186.0,41.23093068175607,265.8944129514851,224.66348226972903,0.06134118117540319
186.2,41.28887870628839,265.9331001829252,224.64422147663683,0.06133775529740825
186.4,41.34684583336978,265.97178741436534,224.62494158099557,0.06133432595084967
186.6,41.40483204879092,266.01047464580546,224.60564259701454,0.06133089313803487
186.8,41.46283733836836,266.0491618772456,224.58632453887722,0.06132745686126663
187.0,41.52086168794428,266.0878491086857,224.5669874207414,0.06132401712284309
187.2,41.57890508338656,266.1265363401258,224.54763125673927,0.06132057392505777
187.4,41.63696751058863,266.165223571566,224.52825606097736,0.06131712727019958
187.6,41.6950489554694,266.2039108030061,224.5088618475367,0.061313677160552846
187.8,41.75314940397323,266.24259803444625,224.48944863047302,0.06131022359839733
188.0,41.811268842069815,266.28128526588637,224.47001642381656,0.06130676658600818
188.2,41.86940725575411,266.3199724973265,224.45056524157238,0.06130330612565604
188.4,41.92756463104632,266.3586597287666,224.4310950977203,0.06129984221960699
188.6,41.98574095399171,266.39734696020673,224.41160600621504,0.0612963748701226
188.8,42.043936210660675,266.43603419164685,224.3920979809862,0.06129290407945988
189.0,42.10215038714855,266.47472142308703,224.37257103593848,0.06128942984987139
189.2,42.16038346957561,266.51340865452715,224.35302518495155,0.06128595218360515
189.4,42.218635444086985,266.5520958859673,224.33346044188028,0.061282471082904744
189.6,42.27690629685253,266.5907831174074,224.31387682055487,0.06127898655000928
189.8,42.33519601406688,266.6294703488475,224.29427433478065,0.0612754985871534
190.0,42.393504581949244,266.66815758028764,224.2746529983384,0.06127200719656731
190.2,42.451831986743414,266.70684481172776,224.25501282498436,0.0612685123804768
190.4,42.510178214717705,266.74553204316794,224.23535382845023,0.06126501414110323
190.6,42.568543252164794,266.78421927460806,224.21567602244326,0.061261512480663576
190.8,42.626927085401796,266.8229065060482,224.19597942064638,0.06125800740137037
191.0,42.68532970077003,266.8615937374883,224.17626403671827,0.06125449890543186
191.2,42.74375108463512,266.9002809689284,224.15652988429332,0.06125098699505183
191.4,42.802191223386785,266.93896820036855,224.13677697698176,0.06124747167242976
191.6,42.86065010343882,266.97765543180867,224.11700532836986,0.06124395293976079
191.8,42.91912771122908,267.0163426632488,224.09721495201973,0.061240430799235704
192.0,42.97762403321933,267.0550298946889,224.07740586146957,0.06123690525304099
192.2,43.03613905589525,267.0937171261291,224.05757807023383,0.06123337630335882
192.4,43.09467276576631,267.1324043575692,224.0377315918029,0.061229843952367066
192.6,43.15322514936571,267.17109158900934,224.01786643964363,0.061226308202239316
192.8,43.21179619325039,267.20977882044946,223.99798262719906,0.0612227690551449
193.0,43.27038588400084,267.2484660518896,223.97808016788875,0.061219226513248876
193.2,43.32899420822114,267.2871532833297,223.95815907510857,0.06121568057871206
193.4,43.387621152538856,267.3258405147699,223.93821936223102,0.06121213125369104
193.6,43.44626670360493,267.36452774621,223.91826104260508,0.06120857854033815
193.8,43.50493084809371,267.4032149776501,223.89828412955643,0.061205022440801546
194.0,43.56361357270277,267.44190220909024,223.87828863638748,0.06120146295722516
194.2,43.622314864152976,267.48058944053037,223.8582745763774,0.06119790009174873
194.4,43.68103470918832,267.5192766719705,223.83824196278218,0.06119433384650784
194.6,43.73977309457587,267.5579639034106,223.81819080883474,0.06119076422363387
194.8,43.79853000710576,267.59665113485073,223.79812112774496,0.061187191225254095
195.0,43.85730543359106,267.63533836629085,223.7780329326998,0.061183614853491594
195.2,43.916099360867754,267.67402559773103,223.75792623686328,0.06118003511046536
195.4,43.974911775794695,267.71271282917115,223.73780105337647,0.06117645199829019
195.6,44.03374266525346,267.7514000606113,223.7176573953578,0.06117286551907685
195.8,44.092592016148394,267.7900872920514,223.697495275903,0.06116927567493195
196.0,44.15145981540644,267.8287745234915,223.67731470808508,0.06116568246795806
196.2,44.210346049977176,267.86746175493164,223.65711570495446,0.06116208590025363
196.4,44.26925070683271,267.90614898637176,223.63689827953905,0.061158485973913046
196.6,44.32817377296756,267.94483621781194,223.6166624448444,0.06115488269102668
196.8,44.38711523539871,267.98352344925206,223.59640821385335,0.061151276053680786
197.0,44.44607508116546,268.0222106806922,223.5761355995267,0.061147666063957655
197.2,44.50505329732938,268.0608979121323,223.55584461480294,0.06114405272393551
197.4,44.5640498709743,268.0995851435724,223.5355352725981,0.061140436035688576
197.6,44.62306478920617,268.13827237501255,223.51520758580637,0.06113681600128709
197.8,44.682098039153075,268.17695960645267,223.4948615672996,0.06113319262279726
198.0,44.74114960796509,268.2156468378928,223.4744972299277,0.06112956590228136
198.2,44.800219482814335,268.2543340693329,223.45411458651859,0.06112593584179764
198.4,44.85930765089479,268.2930213007731,223.4337136498783,0.06112230244340045
198.6,44.91841409942234,268.3317085322132,223.41329443279088,0.06111866570914014
198.8,44.97753881563466,268.37039576365333,223.39285694801868,0.061115025641063137
199.0,45.036681786791135,268.40908299509346,223.37240120830234,0.06111138224121196
199.2,45.09584300017288,268.4477702265336,223.35192722636071,0.06110773551162518
199.4,45.15502244308261,268.4864574579737,223.3314350148911,0.06110408545433749
199.6,45.2142201028446,268.5251446894139,223.31092458656929,0.061100432071379676
199.8,45.27343596680467,268.563831920854,223.29039595404933,0.0610967753647786
200.0,45.332670022330035,268.6025191522941,223.2698491299641,0.061093115336557306
200.2,45.391922256809345,268.64120638373424,223.2492841269249,0.061089451988734944
200.4,45.45119265765258,268.67989361517436,223.2287009575218,0.0610857853233268
200.6,45.51048121229096,268.7185808466145,223.20809963432353,0.061082115342344326
200.8,45.569787908177005,268.7572680780546,223.1874801698776,0.061078442047795126
201.0,45.62911273278429,268.79595530949473,223.16684257671045,0.061074765441683006
201.2,45.6884556736076,268.83464254093485,223.14618686732726,0.061071085526007915
201.4,45.7478167181627,268.87332977237503,223.12551305421232,0.061067402302766055
201.6,45.80719585398638,268.91201700381515,223.10482114982878,0.061063715773949756
201.8,45.866593068636355,268.9507042352553,223.08411116661892,0.06106002594154761
202.0,45.92600834969124,268.9893914666954,223.06338311700415,0.06105633280754445
202.2,45.98544168475044,269.0280786981355,223.04263701338508,0.06105263637392129
202.4,46.044893061434195,269.06676592957564,223.02187286814143,0.06104893664265543
202.6,46.10436246738338,269.10545316101576,223.00109069363236,0.0610452336157204
202.8,46.163849890259606,269.14414039245594,222.98029050219634,0.06104152729508602
203.0,46.22335531774502,269.18282762389606,222.95947230615104,0.06103781768271835
203.2,46.28287873754239,269.2215148553362,222.9386361177938,0.06103410478057974
203.4,46.34242013737492,269.2602020867763,222.9177819494014,0.06103038859062884
203.6,46.40197950498628,269.2988893182164,222.89690981323014,0.06102666911482062
203.8,46.46155682814053,269.33757654965655,222.876019721516,0.06102294635510633
204.0,46.52115209462207,269.37626378109667,222.8551116864746,0.06101922031343354
204.2,46.580765292235554,269.4149510125368,222.83418572030124,0.06101549099174619
204.4,46.64039640880593,269.45363824397697,222.81324183517103,0.06101175839198452
204.6,46.70004543217821,269.4923254754171,222.7922800432389,0.06100802251608514
204.8,46.759712350217626,269.5310127068572,222.77130035663959,0.06100428336598099
205.0,46.81939715080941,269.56969993829733,222.75030278748793,0.061000540943601425
205.2,46.87909982185888,269.60838716973745,222.72928734787857,0.06099679525087212
205.4,46.938820351291234,269.6470744011776,222.70825404988634,0.060993046289715205
205.6,46.99855872705163,269.6857616326177,222.68720290556607,0.06098929406204914
205.8,47.058314937105095,269.7244488640579,222.6661339269528,0.06098553856978885
206.0,47.11808896943639,269.763136095498,222.6450471260616,0.06098177981484561
206.2,47.177880812050134,269.8018233269381,222.62394251488797,0.06097801779912716
206.4,47.237690452970575,269.84051055837824,222.60282010540766,0.06097425252453767
206.6,47.297517880241614,269.87919778981836,222.58167990957674,0.06097048399297775
206.8,47.3573630819268,269.9178850212585,222.5605219393317,0.060966712206344434
207.0,47.417226046109164,269.9565722526986,222.53934620658944,0.06096293716653126
207.2,47.477106760891296,269.9952594841387,222.51815272324743,0.0609591588754282
207.4,47.537005214395194,270.0339467155789,222.4969415011837,0.06095537733492175
207.6,47.59692139476228,270.072633947019,222.47571255225674,0.0609515925468948
207.8,47.656855290153295,270.11132117845915,222.45446588830586,0.06094780451322683
208.0,47.71680688874828,270.15000840989927,222.43320152115098,0.06094401323579378
208.2,47.77677617874655,270.1886956413394,222.41191946259283,0.06094021871646811
208.4,47.83676314836659,270.2273828727795,222.39061972441291,0.06093642095711881
208.6,47.89676778584603,270.26607010421964,222.3693023183736,0.0609326199596114
208.8,47.956790079441625,270.3047573356598,222.3479672562182,0.060928815725807925
209.0,48.016830017429136,270.34344456709994,222.3266145496708,0.06092500825756697
209.2,48.07688758810336,270.38213179854006,222.30524421043668,0.06092119755674372
209.4,48.13696277977802,270.4208190299802,222.28385625020218,0.06091738362518987
209.6,48.197055580785765,270.4595062614203,222.26245068063454,0.060913566464753745
209.8,48.25716597947807,270.4981934928604,222.24102751338236,0.060909746077280204
210.0,48.31729396422521,270.53688072430054,222.21958676007534,0.06090592246461073
210.2,48.37743952341624,270.57556795574067,222.19812843232444,0.06090209562858341
210.4,48.437602645458945,270.6142551871808,222.17665254172184,0.06089826557103288
210.6,48.497783318779696,270.65294241862097,222.15515909984128,0.06089443229379048
210.8,48.55798153182354,270.6916296500611,222.13364811823755,0.06089059579868411
211.0,48.61819727305406,270.7303168815012,222.11211960844716,0.060886756087538324
211.2,48.678430530953385,270.76900411294133,222.09057358198794,0.06088291316217432
211.4,48.73868129402205,270.80769134438145,222.0690100503594,0.06087906702440994
211.6,48.7989495507791,270.8463785758216,222.04742902504248,0.060875217676059704
211.8,48.85923528976189,270.88506580726175,222.02583051749986,0.060871365118934775
212.0,48.91953849952611,270.9237530387019,222.00421453917576,0.060867509354843
212.2,48.97985916864578,270.962440270142,221.9825811014962,0.0608636503855889
212.4,49.04019728571312,271.0011275015821,221.96093021586898,0.0608597882129737
212.6,49.100552839338526,271.03981473302224,221.93926189368372,0.06085592283879533
212.8,49.160925818150574,271.07850196446236,221.91757614631177,0.0608520542648484
213.0,49.221316210795905,271.1171891959025,221.89587298510656,0.06084818249292429
213.2,49.28172400593924,271.1558764273426,221.87415242140338,0.060844307524811035
213.4,49.34214919226331,271.1945636587827,221.8524144665194,0.06084042936229343
213.6,49.40259175846877,271.23325089022285,221.8306591317541,0.060836548007153046
213.8,49.4630516932742,271.271938121663,221.80888642838883,0.06083266346116817
214.0,49.52352898541611,271.31062535310315,221.78709636768704,0.060828775726113817
214.2,49.58402362364874,271.34931258454327,221.76528896089454,0.06082488480376181
214.4,49.6445355967442,271.3879998159834,221.7434642192392,0.06082099069588072
214.6,49.70506489349226,271.4266870474235,221.72162215393126,0.06081709340423593
214.8,49.76561150270046,271.4653742788637,221.69976277616323,0.06081319293058958
215.0,49.8261754131939,271.5040615103038,221.6778860971099,0.06080928927670058
215.2,49.88675661381536,271.54274874174394,221.65599212792858,0.060805382444324714
215.4,49.94735509342515,271.58143597318406,221.6340808797589,0.06080147243521451
215.6,50.00797084090109,271.6201232046242,221.61215236372308,0.060797559251119376
215.8,50.06860384513845,271.6588104360643,221.59020659092585,0.060793642893785485
216.0,50.12925409504998,271.6974976675044,221.56824357245443,0.060789723364955875
216.2,50.18992157956577,271.73618489894454,221.54626331937877,0.06078580066637044
216.4,50.25060628763328,271.77487213038467,221.5242658427514,0.060781874799765906
216.6,50.31130820821725,271.8135593618248,221.50225115360755,0.06077794576687583
216.8,50.37202733029968,271.85224659326497,221.48021926296528,0.06077401356943069
217.0,50.432763642879785,271.8909338247051,221.4581701818253,0.06077007820915779
217.2,50.493517134973935,271.9296210561452,221.43610392117128,0.06076613968778134
217.4,50.554287795615664,271.96830828758533,221.41402049196967,0.060762198007022414
217.6,50.61507561385555,272.00699551902545,221.3919199051699,0.06075825316859901
217.8,50.67588057876121,272.0456827504656,221.36980217170435,0.06075430517422599
218.0,50.736702679417306,272.0843699819057,221.3476673024884,0.06075035402561517
218.2,50.7975419049254,272.1230572133459,221.32551530842048,0.060746399724475264
218.4,50.858398244404036,272.161744444786,221.30334620038195,0.06074244227251188
218.6,50.91927168698856,272.2004316762261,221.28115998923755,0.060738481671427605
218.8,50.98016222183122,272.23911890766624,221.25895668583502,0.060734517922921935
219.0,51.04106983810098,272.27780613910636,221.23673630100538,0.06073055102869134
219.2,51.10199452498363,272.3164933705465,221.21449884556284,0.0607265809904292
219.4,51.16293627168163,272.3551806019866,221.19224433030496,0.0607226078098259
219.6,51.2238950674141,272.3938678334267,221.16997276601262,0.06071863148856877
219.8,51.2848709014168,272.4325550648669,221.1476841634501,0.06071465202834213
220.0,51.34586376294208,272.471242296307,221.12537853336494,0.060710669430827244
220.2,51.40687364125883,272.50992952774715,221.10305588648833,0.06070668369770243
220.4,51.46790052565243,272.54861675918727,221.08071623353484,0.06070269483064293
220.6,51.528944405424745,272.5873039906274,221.05835958520265,0.06069870283132106
220.8,51.59000526989408,272.6259912220675,221.03598595217343,0.060694707701406087
221.0,51.65108310839506,272.66467845350763,221.01359534511258,0.060690709442564356
221.2,51.71217791027873,272.7033656849478,220.99118777466907,0.06068670805645918
221.4,51.77328966491241,272.74205291638793,220.96876325147554,0.060682703544750936
221.6,51.83441836167965,272.78074014782806,220.94632178614842,0.06067869590909701
221.8,51.8955639899803,272.8194273792682,220.92386338928787,0.06067468515115189
222.0,51.956726539230324,272.8581146107083,220.90138807147798,0.06067067127256706
222.2,52.01790599886185,272.8968018421484,220.87889584328656,0.060666654274991114
222.4,52.07910235832316,272.93548907358854,220.8563867152654,0.060662634160069645
222.6,52.14031560707853,272.97417630502866,220.83386069795014,0.06065861092944541
222.8,52.20154573460834,273.01286353646884,220.8113178018605,0.060654584584758156
223.0,52.2627927304089,273.05155076790896,220.78875803750006,0.06065055512764478
223.2,52.324056583992494,273.0902379993491,220.76618141535658,0.060646522559739235
223.4,52.38533728488736,273.1289252307892,220.74358794590185,0.06064248688267262
223.6,52.446634822637535,273.16761246222933,220.7209776395918,0.06063844809807309
223.8,52.50794918680296,273.20629969366945,220.6983505068665,0.06063440620756594
224.0,52.56928036695934,273.2449869251096,220.67570655815024,0.060630361212773584
224.2,52.63062835269813,273.28367415654975,220.65304580385163,0.060626313115315585
224.4,52.69199313362655,273.3223613879899,220.6303682543633,0.060622261916808584
224.6,52.75337469936747,273.36104861943,220.60767392006252,0.060618207618866424
224.8,52.81477303955944,273.3997358508701,220.58496281131067,0.06061415022310007
225.0,52.87618814385656,273.43842308231024,220.56223493845368,0.06061008973111763
225.2,52.93762000192858,273.47711031375036,220.5394903118218,0.060606026144524386
225.4,52.999068603460735,273.5157975451905,220.51672894172975,0.06060195946492279
225.6,53.06053393815377,273.5544847766306,220.49395083847685,0.06059788969391247
225.8,53.122015995723906,273.5931720080708,220.47115601234688,0.06059381683309023
226.0,53.18351476590275,273.6318592395109,220.44834447360816,0.060589740884050045
226.2,53.24503023843735,273.670546470951,220.42551623251367,0.0605856618483831
226.4,53.306562403090076,273.70923370239115,220.40267129930106,0.06058157972767779
226.6,53.36811124963858,273.74792093383127,220.37980968419268,0.060577494523519695
226.8,53.429676767875875,273.7866081652714,220.3569313973955,0.06057340623749162
227.0,53.49125894761013,273.8252953967115,220.33403644910138,0.06056931487117359
227.2,53.55285777866477,273.8639826281517,220.31112484948693,0.06056522042614286
227.4,53.6144732508784,273.9026698595918,220.2881966087134,0.0605611229039739
227.6,53.6761053541047,273.94135709103193,220.26525173692724,0.06055702230623841
227.8,53.73775407821251,273.98004432247205,220.24229024425955,0.060552918634505376
228.0,53.79941941308568,274.0187315539122,220.2193121408265,0.060548811890341
228.2,53.861101348623144,274.0574187853523,220.19631743672915,0.060544702075308765
228.4,53.922799874738786,274.0961060167924,220.17330614205363,0.060540589190969385
228.6,53.984514981361436,274.13479324823254,220.1502782668711,0.06053647323888087
228.8,54.04624665843488,274.1734804796727,220.12723382123784,0.06053235422059851
229.0,54.10799489591777,274.21216771111284,220.10417281519506,0.06052823213767484
229.2,54.16975968378362,274.25085494255296,220.08109525876935,0.06052410699165973
229.4,54.23154101202076,274.2895421739931,220.05800116197233,0.060519978784100315
229.6,54.29333887063226,274.3282294054332,220.03489053480095,0.06051584751654103
229.8,54.35515324963601,274.3669166368733,220.01176338723732,0.06051171319052364
230.0,54.41698413906453,274.40560386831345,219.9886197292489,0.060507575807587186
230.2,54.478831528965095,274.44429109975357,219.96545957078848,0.06050343536926807
230.4,54.54069540939956,274.48297833119375,219.94228292179417,0.06049929187709998
230.6,54.60257577044441,274.52166556263387,219.91908979218945,0.06049514533261397
230.8,54.664472602190735,274.560352794074,219.89588019188326,0.06049099573733839
231.0,54.726385894744105,274.5990400255141,219.87265413077,0.06048684309279896
231.2,54.78831563822464,274.63772725695424,219.8494116187296,0.06048268740051875
231.4,54.850261822766946,274.67641448839436,219.8261526656274,0.060478528662018166
231.6,54.912224438520006,274.7151017198345,219.80287728131447,0.06047436687881501
231.8,54.974203475647286,274.7537889512746,219.7795854756273,0.06047020205242438
232.0,55.03619892432655,274.7924761827147,219.75627725838817,0.06046603418435884
232.2,55.09821077474996,274.8311634141549,219.73295263940494,0.06046186327612828
232.4,55.160239017123935,274.869850645595,219.7096116284711,0.060457689329239936
232.6,55.22228364166921,274.90853787703514,219.68625423536594,0.060453512345198517
232.8,55.28434463862072,274.94722510847527,219.66288046985454,0.06044933232550606
233.0,55.34642199822763,274.9859123399154,219.63949034168775,0.06044514927166205
233.2,55.40851571075328,275.0245995713555,219.61608386060223,0.06044096318516334
233.4,55.47062576647514,275.0632868027957,219.59266103632055,0.06043677406750425
233.6,55.532752155684776,275.1019740342358,219.56922187855105,0.06043258192017645
233.8,55.59489486868787,275.14066126567593,219.54576639698806,0.06042838674466906
234.0,55.65705389580409,275.17934849711605,219.52229460131196,0.06042418854246866
234.2,55.71922922736717,275.2180357285562,219.498806501189,0.06041998731505922
234.4,55.78142085372478,275.2567229599963,219.4753021062715,0.0604157830639222
234.6,55.84362876523858,275.2954101914364,219.45178142619784,0.06041157579053647
234.8,55.9058529522841,275.33409742287654,219.42824447059243,0.06040736549637835
235.0,55.96809340525075,275.37278465431666,219.4046912490659,0.060403152182921666
235.2,56.03035011454183,275.41147188575684,219.38112177121502,0.06039893585163765
235.4,56.092623070574454,275.45015911719696,219.3575360466225,0.06039471650399501
235.6,56.15491226377948,275.4888463486371,219.33393408485762,0.060390494141459986
235.8,56.21721768460158,275.5275335800772,219.31031589547564,0.06038626876549623
236.0,56.279539323499094,275.5662208115173,219.28668148801825,0.06038204037756491
236.2,56.341877170944095,275.60490804295745,219.26303087201336,0.060377808979124675
236.4,56.404231217422286,275.64359527439757,219.2393640569753,0.06037357457163171
236.6,56.46660145343306,275.68228250583775,219.2156810524047,0.06036933715653965
236.8,56.52898786948931,275.72096973727787,219.19198186778857,0.06036509673529966
237.0,56.591390456117594,275.759656968718,219.16826651260038,0.06036085330936042
237.2,56.65380920385794,275.7983442001581,219.14453499630017,0.06035660688016812
237.4,56.71624410326394,275.83703143159823,219.1207873283343,0.060352357449166505
237.6,56.77869514490261,275.87571866303836,219.09702351813576,0.06034810501779679
237.8,56.84116231935445,275.9144058944785,219.07324357512402,0.06034384958749778
238.0,56.90364561721336,275.9530931259186,219.04944750870524,0.0603395911597058
238.2,56.966145029086604,275.9917803573588,219.0256353282722,0.06033532973585473
238.4,57.02866054559485,276.0304675887989,219.00180704320405,0.060331065317375955
238.6,57.09119215737206,276.069154820239,218.97796266286696,0.060326797905698476
238.8,57.153739855065474,276.10784205167914,218.95410219661366,0.06032252750224883
239.0,57.21630362933562,276.14652928311926,218.93022565378365,0.060318254108451125
239.2,57.27888347085626,276.1852165145594,218.9063330437031,0.060313977725727025
239.4,57.34147937031435,276.2239037459995,218.88242437568516,0.0603096983554958
239.6,57.40409131841003,276.2625909774397,218.85849965902966,0.06030541599917428
239.8,57.466719305856586,276.3012782088798,218.8345589030232,0.06030113065817687
240.0,57.5293633233804,276.33996544031993,218.81060211693952,0.06029684233391561
240.2,57.59202336172097,276.37865267176005,218.78662931003907,0.060292551027800095
240.4,57.654699411630844,276.4173399032002,218.76264049156933,0.06028825674123756
240.6,57.71739146387558,276.4560271346403,218.73863567076472,0.06028395947563282
240.8,57.78009950923373,276.4947143660804,218.71461485684668,0.06027965923238831
241.0,57.84282353849686,276.53340159752054,218.69057805902366,0.0602753560129041
241.2,57.90556354246942,276.5720888289607,218.6665252864913,0.06027104981857786
241.4,57.968319511968836,276.61077606040084,218.642456548432,0.06026674065080488
241.6,58.031091437825324,276.64946329184096,218.61837185401563,0.06026242851097813
241.8,58.093879310882066,276.6881505232811,218.594271212399,0.060258113400488166
242.0,58.156683121994966,276.7268377547212,218.57015463272623,0.06025379532072324
242.2,58.219502862032805,276.7655249861613,218.5460221241285,0.06024947427306919
242.4,58.282338521877094,276.80421221760145,218.52187369572437,0.06024515025890956
242.6,58.34519009242208,276.8428994490416,218.49770935661954,0.060240823279625544
242.8,58.408057564574726,276.88158668048175,218.473529115907,0.06023649333659596
243.0,58.47094092925471,276.92027391192187,218.44933298266716,0.06023216043119735
243.2,58.53384017739429,276.958961143362,218.4251209659677,0.06022782456480388
243.4,58.59675529993845,276.9976483748021,218.40089307486366,0.06022348573878744
243.6,58.65968628784469,277.03633560624223,218.37664931839754,0.060219143954517565
243.8,58.722633132083146,277.07502283768235,218.3523897055992,0.060214799213361495
244.0,58.78559582363642,277.1137100691225,218.32811424548606,0.06021045151668418
244.2,58.84857435349973,277.1523973005626,218.30382294706288,0.06020610086584821
244.4,58.911568712680705,277.1910845320028,218.27951581932206,0.060201747262213945
244.6,58.97457889219944,277.2297717634429,218.25519287124345,0.06019739070713941
244.8,59.03760488308851,277.268458994883,218.2308541117945,0.06019303120198037
245.0,59.100646676392884,277.30714622632314,218.20649954993024,0.060188668748090264
245.2,59.16370426316984,277.34583345776326,218.18212919459341,0.06018430334682032
245.4,59.22677763448912,277.3845206892034,218.15774305471427,0.06017993499951941
245.6,59.28986678143269,277.42320792064356,218.13334113921087,0.06017556370753423
245.8,59.352971695094894,277.4618951520837,218.1089234569888,0.060171189472209105
246.0,59.41609236658227,277.5005823835238,218.08449001694154,0.06016681229488621
246.2,59.47922878701365,277.5392696149639,218.06004082795027,0.06016243217690538
246.4,59.54238094752011,277.57795684640405,218.03557589888393,0.06015804911960425
246.6,59.60554883924483,277.61664407784417,218.01109523859935,0.06015366312431819
246.8,59.66873245334323,277.6553313092843,217.98659885594105,0.06014927419238032
247.0,59.731931780982826,277.6940185407244,217.9620867597416,0.06014488232512155
247.2,59.79514681334326,277.73270577216454,217.93755895882128,0.060140487523870544
247.4,59.85837754161626,277.7713930036047,217.91301546198846,0.060136089789953745
247.6,59.92162395700558,277.81008023504484,217.88845627803926,0.06013168912469535
247.8,59.98488605072708,277.84876746648496,217.86388141575787,0.06012728552941738
248.0,60.04816381400853,277.8874546979251,217.83929088391653,0.0601228790054396
248.2,60.11145723808976,277.9261419293652,217.81468469127543,0.060118469554079595
248.4,60.17476631422253,277.9648291608053,217.7900628465828,0.06011405717665274
248.6,60.238091033670464,278.00351639224544,217.765425358575,0.06010964187447222
248.8,60.301431387709215,278.0422036236856,217.7407722359764,0.060105223648849
249.0,60.36478736762619,278.08089085512574,217.71610348749954,0.060100802501091864
249.2,60.42815896472071,278.11957808656587,217.69141912184517,0.060096378432507425
249.4,60.4915461703039,278.158265318006,217.66671914770208,0.06009195144440009
249.6,60.55494897569869,278.1969525494461,217.64200357374742,0.06008752153807212
249.8,60.61836737223979,278.23563978088623,217.61727240864644,0.06008308871482358
250.0,60.68180135127364,278.27432701232635,217.59252566105272,0.06007865297595238
250.2,60.74525090415842,278.3130142437665,217.56776333960806,0.06007421432275425
250.4,60.808716022264015,278.3517014752066,217.5429854529426,0.06006977275652277
250.6,60.872196696971955,278.3903887066468,217.5181920096748,0.06006532827854938
250.8,60.93569291967543,278.4290759380869,217.49338301841146,0.06006088089012335
251.0,60.99920468177925,278.467763169527,217.46855848774777,0.060056430592531795
251.2,61.062731974699844,278.50645040096714,217.4437184262673,0.060051977387059724
251.4,61.1262747898652,278.54513763240726,217.41886284254207,0.06004752127498997
251.6,61.1898331187148,278.5838248638474,217.39399174513258,0.060043062257603266
251.8,61.253406952699756,278.62251209528756,217.3691051425878,0.060038600336178194
252.0,61.31699628328259,278.6611993267277,217.34420304344508,0.0600341355119912
252.2,61.38060110193733,278.6998865581678,217.3192854562305,0.06002966778631667
252.4,61.44422140014947,278.7385737896079,217.29435238945845,0.06002519716042679
252.6,61.507857169415885,278.77726102104805,217.26940385163215,0.0600207236355917
252.8,61.571508401244905,278.81594825248817,217.24443985124327,0.06001624721307941
253.0,61.63517508715616,278.8546354839283,217.21946039677212,0.06001176789415581
253.2,61.69885721868075,278.8933227153684,217.19446549668766,0.060007285680084725
253.4,61.762554787360976,278.93200994680853,217.16945515944755,0.060002800572127854
253.6,61.8262677847505,278.9706971782487,217.14442939349823,0.05999831257154485
253.8,61.889996202414295,279.00938440968883,217.11938820727454,0.059993821679593204
254.0,61.95374003192851,279.04807164112896,217.09433160920045,0.05998932789752838
254.2,62.01749926488061,279.0867588725691,217.06925960768848,0.05998483122660379
254.4,62.081273892869234,279.1254461040092,217.04417221113997,0.059980331668070694
254.6,62.145063907504166,279.1641333354493,217.01906942794517,0.059975829223178345
254.8,62.20886930040644,279.20282056688944,216.993951266483,0.0599713238931739
255.0,62.27269006320812,279.2415077983296,216.9688177351215,0.059966815679302496
255.2,62.33652618755247,279.28019502976974,216.94366884221728,0.05996230458280714
255.4,62.4003776650938,279.31888226120986,216.91850459611607,0.05995779060492884
255.6,62.464244487497496,279.35756949265,216.8933250051525,0.05995327374690655
255.8,62.52812664643999,279.3962567240901,216.8681300776501,0.059948754009977165
256.0,62.59202413360874,279.43494395553023,216.8429198219215,0.05994423139537555
256.2,62.655936940702176,279.47363118697035,216.81769424626816,0.05993970590433452
256.4,62.71986505942975,279.5123184184105,216.7924533589807,0.05993517753808488
256.6,62.783808481511834,279.55100564985065,216.7671971683388,0.059930646297855376
256.8,62.84776719867969,279.5896928812908,216.74192568261108,0.05992611218487276
257.0,62.91174120267556,279.6283801127309,216.71663891005534,0.05992157520036172
257.2,62.97573048525251,279.667067344171,216.6913368589185,0.059917035345544975
257.4,63.0397350381745,279.70575457561114,216.66601953743663,0.05991249262164321
257.6,63.10375485321632,279.74444180705126,216.64068695383494,0.0599079470298751
257.8,63.16778992216355,279.7831290384914,216.61533911632785,0.05990339857145731
258.0,63.23184023681259,279.82181626993156,216.58997603311897,0.05989884724760452
258.2,63.29590578897057,279.8605035013717,216.5645977124011,0.05989429305952938
258.4,63.35998657045542,279.8991907328118,216.53920416235638,0.05988973600844261
258.6,63.4240825730958,279.9378779642519,216.51379539115612,0.05988517609555285
258.8,63.48819378873095,279.97656519569205,216.4883714069611,0.05988061332206685
259.0,63.552320209210954,280.01525242713217,216.4629322179212,0.059876047689189305
259.2,63.616461826396446,280.0539396585723,216.43747783217583,0.05987147919812297
259.4,63.68061863215871,280.0926268900124,216.4120082578537,0.059866907850068624
259.6,63.74479061837971,280.1313141214526,216.38652350307288,0.05986233364622506
259.8,63.8089777769519,280.1700013528927,216.3610235759408,0.05985775658778911
260.0,63.87318009977835,280.20868858433283,216.33550848455448,0.05985317667595566
260.2,63.9373975787727,280.24737581577295,216.30997823700025,0.0598485939119176
260.4,64.00163020585909,280.2860630472131,216.28443284135398,0.059844008296865904
260.6,64.06587797297217,280.3247502786532,216.25887230568102,0.05983941983198958
260.8,64.13014087205707,280.3634375100933,216.23329663803625,0.05983482851847569
261.0,64.19441889506935,280.4021247415335,216.20770584646414,0.059830234357509365
261.2,64.25871203397507,280.4408119729736,216.18209993899853,0.059825637350273755
261.4,64.32302028075065,280.47949920441374,216.1564789236631,0.05982103749795012
261.6,64.38734362738295,280.51818643585386,216.1308428084709,0.05981643480171775
261.8,64.45168206586918,280.556873667294,216.1051916014248,0.05981182926275404
262.0,64.51603558821687,280.5955608987341,216.07952531051723,0.05980722088223445
262.2,64.58040418644394,280.6342481301742,216.05384394373027,0.05980260966133252
262.4,64.6447878525786,280.67293536161435,216.02814750903576,0.05979799560121986
262.6,64.70918657865937,280.7116225930545,216.00243601439516,0.05979337870306617
262.8,64.77360035673495,280.75030982449465,215.9767094677597,0.059788758968039236
263.0,64.83802917886439,280.7889970559348,215.95096787707038,0.05978413639730496
263.2,64.90247303711692,280.8276842873749,215.92521125025797,0.05977951099202732
263.4,64.966931923572,280.866371518815,215.899439595243,0.059774882753368404
263.6,65.03140583031923,280.90505875025514,215.87365291993592,0.05977025168248841
263.8,65.09589474945837,280.94374598169526,215.8478512322369,0.05976561778054562
264.0,65.16039867309941,280.98243321313544,215.82203454003604,0.05976098104869646
264.2,65.22491759336235,281.02112044457556,215.7962028512132,0.05975634148809543
264.4,65.28945150237736,281.0598076760157,215.77035617363833,0.05975169909989521
264.6,65.3540003922847,281.0984949074558,215.74449451517108,0.05974705388524652
264.8,65.41856425523461,281.1371821388959,215.7186178836613,0.05974240584529829
265.0,65.48314308338745,281.17586937033604,215.69272628694858,0.05973775498119753
265.2,65.54773686891357,281.21455660177617,215.6668197328626,0.0597331012940894
265.4,65.61234560399333,281.2532438332163,215.64089822922296,0.059728444785117185
265.6,65.67696928081706,281.29193106465647,215.61496178383942,0.059723785455422326
265.8,65.74160789158502,281.3306182960966,215.58901040451155,0.05971912330614437
266.0,65.80626142850745,281.3693055275367,215.56304409902924,0.05971445833842107
266.2,65.87092988380448,281.40799275897683,215.53706287517235,0.0597097905533883
266.4,65.93561324970617,281.44667999041695,215.5110667407108,0.05970511995218006
266.6,66.00031151845243,281.4853672218571,215.48505570340464,0.059700446535928556
266.8,66.06502468229303,281.5240544532972,215.45902977100417,0.05969577030576413
267.0,66.12975273348758,281.5627416847373,215.43298895124974,0.0596910912628153
267.2,66.19449566430552,281.60142891617744,215.40693325187192,0.05968640940820873
267.4,66.25925346702608,281.6401161476176,215.38086268059152,0.05968172474306928
267.6,66.32402613393829,281.67880337905774,215.35477724511946,0.05967703726851997
267.8,66.38881365734086,281.71749061049786,215.32867695315701,0.05967234698568201
268.0,66.45361602954235,281.756177841938,215.30256181239565,0.05966765389567477
268.2,66.51843324286094,281.7948650733781,215.27643183051717,0.05966295799961584
268.4,66.58326528962458,281.8335523048182,215.25028701519363,0.05965825929862096
268.6,66.64811216217092,281.87223953625835,215.22412737408743,0.05965355779380409
268.8,66.71297385284716,281.91092676769847,215.19795291485133,0.05964885348627737
269.0,66.77785035401023,281.94961399913865,215.1717636451284,0.05964414637715115
269.2,66.84274165802667,281.98830123057877,215.1455595725521,0.059639436467533974
269.4,66.90764775727264,282.0269884620189,215.11934070474626,0.059634723758532585
269.6,66.97256864413382,282.065675693459,215.0931070493252,0.05963000825125195
269.8,67.03750431100549,282.10436292489914,215.06685861389366,0.05962528994679523
270.0,67.10245475029254,282.14305015633926,215.04059540604672,0.05962056884626382
270.2,67.16741995440924,282.1817373877794,215.01431743337014,0.059615844950757335
270.4,67.23239991577952,282.22042461921956,214.98802470344003,0.05961111826137359
270.6,67.29739462683675,282.2591118506597,214.96171722382292,0.05960638877920862
270.8,67.3624040800237,282.2977990820998,214.93539500207612,0.05960165650535673
271.0,67.42742826779264,282.3364863135399,214.9090580457473,0.059596921440910416
271.2,67.49246718260532,282.37517354498004,214.88270636237473,0.05959218358696043
271.4,67.55752081693285,282.41386077642017,214.85633995948731,0.05958744294459575
271.6,67.62258916325575,282.4525480078603,214.82995884460453,0.059582699514903616
271.8,67.6876722140639,282.4912352393004,214.8035630252365,0.059577953298969484
272.0,67.75276996185656,282.5299224707406,214.77715250888403,0.05957320429787709
272.2,67.81788239914229,282.5686097021807,214.75072730303842,0.05956845251270836
272.4,67.88300951843904,282.60729693362083,214.72428741518178,0.05956369794454355
272.6,67.94815131227404,282.64598416506095,214.69783285278692,0.05955894059446115
272.8,68.01330777318371,282.6846713965011,214.67136362331735,0.05955418046353787
273.0,68.07847889371385,282.7233586279412,214.64487973422735,0.05954941755284874
273.2,68.14366466641948,282.7620458593813,214.61838119296183,0.05954465186346701
273.4,68.20886508386485,282.8007330908215,214.59186800695664,0.05953988339646424
273.6,68.2740801386234,282.8394203222616,214.56534018363823,0.05953511215291021
273.8,68.33930982327774,282.87810755370174,214.538797730424,0.05953033813387304
274.0,68.40455413041974,282.91679478514186,214.51224065472212,0.0595255613404191
274.2,68.46981305265032,282.955482016582,214.48566896393166,0.059520781773613016
274.4,68.53508658257962,282.9941692480221,214.45908266544248,0.059515999434517755
274.6,68.60037471282689,283.0328564794622,214.43248176663533,0.059511214324194525
274.8,68.66567743602042,283.07154371090235,214.40586627488193,0.05950642644370284
275.0,68.73099474479764,283.1102309423425,214.37923619754488,0.059501635794100546
275.2,68.79632663180506,283.14891817378265,214.35259154197757,0.059496842376443704
275.4,68.86167308969821,283.18760540522277,214.32593231552454,0.05949204619178676
275.6,68.9270341111417,283.2262926366629,214.2992585255212,0.059487247241182414
275.8,68.992409688809,283.264979868103,214.272570179294,0.0594824455256817
276.0,69.0577998153828,283.30366709954313,214.24586728416034,0.059477641046333934
276.2,69.1232044835546,283.34235433098326,214.21914984742864,0.05947283380418677
276.4,69.18862368602494,283.38104156242343,214.1924178763985,0.05946802380028619
276.6,69.25405741550328,283.41972879386356,214.1656713783603,0.05946321103567645
276.8,69.319505664708,283.4584160253037,214.13891036059567,0.05945839551140015
277.0,69.38496842636641,283.4971032567438,214.11213483037739,0.05945357722849823
277.2,69.45044569321469,283.5357904881839,214.08534479496922,0.05944875618800994
277.4,69.51593745799791,283.57447771962404,214.05854026162615,0.059443932390972884
277.6,69.58144371347002,283.61316495106416,214.03172123759413,0.05943910583842296
277.8,69.64696445239373,283.6518521825043,214.00488773011057,0.05943427653139445
278.0,69.71249966754064,283.69053941394446,213.97803974640382,0.059429444470919954
278.2,69.77804935169117,283.7292266453846,213.95117729369343,0.0594246096580304
278.4,69.84361349763448,283.7679138768247,213.92430037919024,0.05941977209375507
278.6,69.90919209816852,283.80660110826483,213.8974090100963,0.059414931779121605
278.8,69.9747851461,283.84528833970495,213.87050319360495,0.059410088715156004
279.0,70.04039263424437,283.8839755711451,213.8435829369007,0.0594052429028826
279.2,70.10601455542577,283.9226628025852,213.81664824715943,0.05940039434332411
279.4,70.1716509024771,283.9613500340253,213.78969913154822,0.05939554303750158
279.6,70.23730166823992,284.0000372654655,213.76273559722557,0.059390688986434445
279.8,70.30296684556443,284.0387244969056,213.7357576513412,0.05938583219114049
280.0,70.36864642730951,284.07741172834574,213.70876530103624,0.059380972652635866
280.2,70.43434040634273,284.11609895978586,213.68175855344313,0.05937611037193512
280.4,70.50004877554017,284.154786191226,213.65473741568582,0.05937124535005116
280.6,70.56577152778661,284.1934734226661,213.6277018948795,0.059366377587995255
280.8,70.63150865597537,284.2321606541062,213.60065199813084,0.05936150708677708
281.0,70.69726015300834,284.27084788554635,213.573587732538,0.0593566338474047
281.2,70.76302601179597,284.30953511698647,213.5465091051905,0.05935175787088454
281.4,70.82880622525731,284.34822234842665,213.51941612316932,0.05934687915822141
281.6,70.89460078631986,284.38690957986677,213.4923087935469,0.05934199771041854
281.8,70.9604096879196,284.4255968113069,213.4651871233873,0.059337113528477536
282.0,71.02623292300105,284.464284042747,213.43805111974598,0.05933222661339842
282.2,71.09207048451725,284.50297127418713,213.41090078966988,0.05932733696617956
282.4,71.15792236542961,284.54165850562725,213.38373614019764,0.0593224445878178
282.6,71.22378855870801,284.58034573706743,213.35655717835942,0.05931754947930837
282.8,71.28966905733078,284.61903296850755,213.32936391117676,0.05931265164164486
283.0,71.35556385428458,284.6577201999477,213.3021563456631,0.05930775107581935
283.2,71.4214729425646,284.6964074313878,213.2749344888232,0.05930284778282224
283.4,71.48739631517428,284.7350946628279,213.24769834765362,0.05929794176364245
283.6,71.5533339651255,284.77378189426804,213.22044792914255,0.059293033019267236
283.8,71.6192858854384,284.81246912570816,213.19318324026978,0.05928812155068232
284.0,71.68525206914155,284.8511563571483,213.16590428800674,0.05928320735887181
284.2,71.75123250927179,284.8898435885884,213.1386110793166,0.059278290444818305
284.4,71.81722719887422,284.9285308200286,213.11130362115438,0.059273370809502804
284.6,71.88323613100229,284.9672180514687,213.0839819204664,0.05926844845390469
284.8,71.94925929871765,285.0059052829088,213.05664598419116,0.059263523379001856
285.0,72.01529669509024,285.04459251434895,213.02929581925872,0.0592585955857706
285.2,72.08134831319823,285.08327974578907,213.00193143259082,0.05925366507518566
285.4,72.14741414612803,285.1219669772292,212.97455283110116,0.05924873184822022
285.6,72.21349418697423,285.16065420866937,212.94716002169514,0.059243795905845914
285.8,72.27958842883956,285.1993414401095,212.91975301126993,0.05923885724903283
286.0,72.345696864835,285.2380286715496,212.8923318067146,0.05923391587874949
286.2,72.4118194880797,285.27671590298974,212.86489641491005,0.05922897179596289
286.4,72.47795629170085,285.31540313442986,212.837446842729,0.05922402500163847
286.6,72.54410726883387,285.35409036587,212.8099830970361,0.05921907549674013
286.8,72.61027241262224,285.3927775973101,212.78250518468786,0.05921412328223025
287.0,72.67645171621754,285.4314648287502,212.75501311253268,0.05920916835906965
287.2,72.74264517277943,285.47015206019034,212.72750688741093,0.05920421072821764
287.4,72.80885277547569,285.5088392916305,212.69998651615484,0.059199250390631994
287.6,72.87507451748208,285.54752652307064,212.67245200558858,0.05919428734726893
287.8,72.94131039198238,285.58621375451077,212.6449033625284,0.05918932159908318
288.0,73.00756039216849,285.6249009859509,212.6173405937824,0.05918435314702794
288.2,73.07382451124023,285.663588217391,212.5897637061508,0.05917938199205489
288.4,73.14010274240546,285.70227544883113,212.56217270642566,0.05917440813511418
288.6,73.20639507887999,285.7409626802713,212.5345676013913,0.05916943157715447
288.8,73.27270151388757,285.77964991171143,212.50694839782386,0.05916445231912289
289.0,73.33902204065996,285.81833714315155,212.4793151024916,0.05915947036196503
289.2,73.40535665243678,285.8570243745917,212.4516677221549,0.05915448570662504
289.4,73.47170534246563,285.8957116060318,212.42400626356618,0.05914949835404554
289.6,73.53806810400198,285.9343988374719,212.39633073346994,0.059144508305167605
289.8,73.60444493030916,285.97308606891204,212.36864113860287,0.059139515560930875
290.0,73.67083581465843,286.01177330035216,212.34093748569373,0.059134520122273465
290.2,73.73724075032887,286.0504605317923,212.31321978146343,0.05912952199013198
290.4,73.80365973060742,286.08914776323246,212.28548803262504,0.05912452116544156
290.6,73.87009274878886,286.1278349946726,212.25774224588372,0.05911951764913584
290.8,73.93653979817572,286.1665222261127,212.229982427937,0.059114511442146966
291.0,74.00300087207842,286.2052094575528,212.2022085854744,0.05910950254540562
291.2,74.0694759638151,286.24389668899295,212.17442072517787,0.05910449095984099
291.4,74.13596506671168,286.28258392043307,212.1466188537214,0.059099476686380784
291.6,74.20246817410191,286.3212711518732,212.11880297777128,0.05909445972595119
291.8,74.26898527932714,286.35995838331337,212.09097310398624,0.05908944007947704
292.0,74.33551637573657,286.3986456147535,212.06312923901692,0.05908441774788156
292.2,74.4020614566871,286.4373328461936,212.03527138950653,0.059079392732086594
292.4,74.46862051554326,286.47602007763373,212.00739956209048,0.05907436503301246
292.6,74.53519354567733,286.51470730907386,211.97951376339654,0.05906933465157806
292.8,74.60178054046922,286.553394540514,211.95161400004474,0.059064301588700824
293.0,74.66838149330655,286.5920817719541,211.92370027864754,0.05905926584529669
293.2,74.73499639758452,286.6307690033942,211.8957726058097,0.059054227422280184
293.4,74.80162524670601,286.66945623483434,211.86783098812833,0.05904918632056434
293.6,74.8682680340815,286.7081434662745,211.83987543219303,0.05904414254106077
293.8,74.93492475312901,286.74683069771464,211.81190594458565,0.059039096084679596
294.0,75.00159539727424,286.78551792915476,211.78392253188053,0.059034046952329514
294.2,75.06827995995042,286.8242051605949,211.75592520064447,0.0590289951449178
294.4,75.13497843459837,286.862892392035,211.72791395743664,0.05902394066335025
294.6,75.2016908146664,286.90157962347513,211.69988880880874,0.05901888350853122
294.8,75.26841709361038,286.9402668549153,211.67184976130494,0.05901382368136366
295.0,75.33515726489372,286.97895408635543,211.6437968214617,0.05900876118274904
295.2,75.40191132198727,287.01764131779555,211.6157299958083,0.05900369601358744
295.4,75.46867925836946,287.0563285492357,211.5876492908662,0.058998628174777475
295.6,75.53546106752614,287.0950157806758,211.55955471314965,0.05899355766721634
295.8,75.60225674295062,287.1337030121159,211.53144626916531,0.058988484491799824
296.0,75.66906627814366,287.17239024355604,211.5033239654124,0.05898340864942227
296.2,75.73588966661349,287.21107747499616,211.47518780838266,0.05897833014097658
296.4,75.80272690187576,287.2497647064363,211.44703780456052,0.05897324896735429
296.6,75.86957797745347,287.28845193787646,211.41887396042299,0.05896816512944548
296.8,75.93644288687707,287.3271391693166,211.3906962824395,0.05896307862813881
297.0,76.0033216236844,287.3658264007567,211.3625047770723,0.058957989464321535
297.2,76.07021418142061,287.4045136321968,211.3342994507762,0.058952897638879516
297.4,76.13712055363827,287.44320086363695,211.30608030999866,0.058947803152697195
297.6,76.20404073389726,287.48188809507707,211.2778473611798,0.0589427060066576
297.8,76.27097471576478,287.52057532651725,211.24960061075245,0.05893760620164237
298.0,76.33792249281535,287.55926255795737,211.22134006514202,0.05893250373853173
298.2,76.40488405863083,287.5979497893975,211.19306573076665,0.058927398618204486
298.4,76.47185940680033,287.6366370208376,211.1647776140373,0.05892229084153809
298.6,76.53884853092025,287.67532425227773,211.1364757213575,0.05891718040940859
298.8,76.60585142459422,287.71401148371785,211.10816005912363,0.058912067322690595
299.0,76.67286808143318,287.752698715158,211.07983063372478,0.05890695158225739
299.2,76.73989849505526,287.7913859465981,211.05148745154284,0.05890183318898083
299.4,76.8069426590858,287.8300731780382,211.02313051895243,0.05889671214373139
299.6,76.87400056715747,287.8687604094784,210.99475984232095,0.05889158844737817
299.8,76.94107221290994,287.9074476409185,210.96637542800858,0.05888646210078888
300.0,77.00815758999023,287.94613487235864,210.93797728236842,0.05888133310482986
300.2,77.07525669205246,287.98482210379876,210.9095654117463,0.05887620146036606
300.4,77.14236951275791,288.0235093352389,210.88113982248097,0.05887106716826106
300.6,77.20949604577508,288.062196566679,210.8527005209039,0.058865930229377056
300.8,77.27663628477944,288.1008837981192,210.82424751333974,0.05886079064457493
301.0,77.34379022345375,288.1395710295593,210.79578080610554,0.05885564841471411
301.2,77.41095785548781,288.1782582609994,210.7673004055116,0.05885050354065271
301.4,77.47813917457849,288.21694549243955,210.73880631786108,0.058845356023247475
301.6,77.54533417442977,288.25563272387967,210.7102985494499,0.05884020586335377
301.8,77.61254284875272,288.2943199553198,210.68177710656707,0.05883505306182561
302.0,77.6797651912654,288.3330071867599,210.6532419954945,0.05882989761951568
302.2,77.747001195693,288.37169441820004,210.62469322250703,0.05882473953727526
302.4,77.8142508557677,288.41038164964016,210.59613079387248,0.0588195788159543
302.6,77.8815141652287,288.44906888108034,210.56755471585166,0.05881441545640141
302.8,77.94879111782217,288.48775611252046,210.5389649946983,0.058809249459463815
303.0,78.01608170730132,288.5264433439606,210.51036163665924,0.058804080825987454
303.2,78.08338592742638,288.5651305754007,210.48174464797432,0.05879890955681684
303.4,78.15070377196446,288.6038178068408,210.45311403487636,0.05879373565279521
303.6,78.2180352346897,288.64250503828094,210.42446980359125,0.05878855911476445
303.8,78.28538030938313,288.68119226972107,210.39581196033794,0.05878337994356506
304.0,78.35273898983274,288.7198795011612,210.36714051132844,0.058778198140036264
304.2,78.42011126983346,288.75856673260137,210.3384554627679,0.05877301370501592
304.4,78.48749714318707,288.7972539640415,210.30975682085443,0.058767826639340555
304.6,78.55489660370235,288.8359411954816,210.28104459177928,0.05876263694384534
304.8,78.6223096451948,288.87462842692173,210.25231878172693,0.05875744461936419
305.0,78.68973626148697,288.91331565836185,210.22357939687487,0.05875224966672962
305.2,78.75717644640817,288.952002889802,210.19482644339382,0.058747052086772875
305.4,78.82463019379452,288.9906901212421,210.16605992744758,0.058741851880323825
305.6,78.89209749748909,289.0293773526822,210.13727985519313,0.058736649048211055
305.8,78.9595783513417,289.0680645841224,210.1084862327807,0.05873144359126184
306.0,79.02707274920898,289.1067518155625,210.07967906635355,0.05872623551030211
306.2,79.09458068495437,289.14543904700264,210.05085836204827,0.058721024806156485
306.4,79.16210215244811,289.18412627844276,210.02202412599465,0.0587158114796483
306.6,79.22963714556722,289.2228135098829,209.99317636431567,0.058710595531599546
306.8,79.29718565819545,289.261500741323,209.96431508312756,0.05870537696283092
307.0,79.3647476842233,289.3001879727631,209.93544028853984,0.05870015577416183
307.2,79.43232321754807,289.3388752042033,209.90655198665524,0.05869493196641037
307.4,79.49991225207371,289.3775624356434,209.8776501835697,0.05868970554039328
307.6,79.56751478171097,289.41624966708355,209.84873488537258,0.0586844764969261
307.8,79.63513080037723,289.45493689852367,209.81980609814644,0.05867924483682298
308.0,79.70276030199656,289.4936241299638,209.79086382796723,0.05867401056089683
308.2,79.77040328049978,289.5323113614039,209.76190808090413,0.058668773669959234
308.4,79.83805972982434,289.57099859284403,209.73293886301968,0.05866353416482051
308.6,79.90572964391434,289.60968582428416,209.7039561803698,0.05865829204628967
308.8,79.97341301672053,289.64837305572433,209.6749600390038,0.05865304731517443
309.0,80.04110984220029,289.68706028716446,209.64595044496417,0.05864779997228124
309.2,80.10882011431765,289.7257475186046,209.6169274042869,0.05864255001841526
309.4,80.1765438270432,289.7644347500447,209.5878909230015,0.058637297454380344
309.6,80.24428097435421,289.8031219814848,209.5588410071306,0.05863204228097908
309.8,80.31203155023445,289.84180921292494,209.5297776626905,0.05862678449901282
310.0,80.3797955486743,289.88049644436506,209.50070089569078,0.058621524109281564
310.2,80.44757296367072,289.91918367580524,209.47161071213452,0.05861626111258411
310.4,80.51536378922722,289.95787090724536,209.44250711801814,0.05861099550971791
310.6,80.5831680193539,289.9965581386855,209.41339011933158,0.058605727301479185
310.8,80.65098564806725,290.0352453701256,209.38425972205835,0.0586004564886629
311.0,80.7188166693904,290.07393260156573,209.35511593217532,0.05859518307206275
311.2,80.78666107735297,290.11261983300585,209.3259587556529,0.05858990705247111
311.4,80.85451886599105,290.151307064446,209.29678819845492,0.05858462843067917
311.6,80.92239002934727,290.1899942958861,209.26760426653883,0.05857934720747682
311.8,80.99027456147064,290.2286815273263,209.23840696585563,0.058574063383652675
312.0,81.0581724564167,290.2673687587664,209.2091963023497,0.05856877695999413
312.2,81.12608370824745,290.3060559902065,209.17997228195907,0.05856348793728728
312.4,81.19400831103128,290.34474322164664,209.15073491061537,0.058558196316317014
312.6,81.26194625884314,290.38343045308676,209.12148419424364,0.05855290209786691
312.8,81.32989754576417,290.4221176845269,209.0922201387627,0.05854760528271937
313.0,81.39786216588212,290.460804915967,209.0629427500849,0.0585423058716555
313.2,81.46584011329104,290.4994921474072,209.03365203411613,0.058537003865455156
313.4,81.53383138209144,290.5381793788473,209.00434799675588,0.05853169926489697
313.6,81.60183596639011,290.5768666102874,208.9750306438973,0.05852639207075831
313.8,81.66985386030028,290.61555384172755,208.94569998142725,0.058521082283815334
314.0,81.7378850579415,290.65424107316767,208.91635601522617,0.05851576990484292
314.2,81.80592955343964,290.6929283046078,208.88699875116816,0.05851045493461475
314.4,81.87398734092694,290.7316155360479,208.85762819512098,0.058505137373903254
314.6,81.942058414542,290.77030276748803,208.82824435294603,0.058499817223479605
314.8,82.01014276842963,290.8089899989282,208.79884723049858,0.058494494484113785
315.0,82.078240396741,290.84767723036833,208.76943683362734,0.05848916915657452
315.2,82.14635129363354,290.88636446180845,208.74001316817493,0.0584838412416293
315.4,82.214475453271,290.9250516932486,208.71057623997757,0.05847851074004441
315.6,82.28261286982338,290.9637389246887,208.68112605486533,0.05847317765258492
315.8,82.35076353746689,291.0024261561288,208.65166261866193,0.05846784198001464
316.0,82.41892745038406,291.04111338756894,208.6221859371849,0.058462503723096165
316.2,82.48710460276358,291.07980061900906,208.5926960162455,0.058457162882590924
316.4,82.55529498880043,291.1184878504492,208.56319286164876,0.05845181945925906
316.6,82.62349860269578,291.15717508188936,208.5336764791936,0.058446473453859546
316.8,82.69171543865696,291.1958623133295,208.50414687467253,0.0584411248671501
317.0,82.75994549089755,291.2345495447696,208.47460405387204,0.05843577369988727
317.2,82.82818875363729,291.2732367762097,208.44504802257245,0.05843041995282637
317.4,82.89644522110211,291.31192400764985,208.41547878654774,0.0584250636267215
317.6,82.9647148875241,291.35061123909,208.38589635156586,0.05841970472232556
317.8,83.03299774714141,291.3892984705301,208.3563007233887,0.0584143432403903
318.0,83.10129379419845,291.4279857019702,208.32669190777176,0.058408979181666154
318.2,83.16960302294574,291.4666729334104,208.29706991046464,0.058403612546902434
318.4,83.23792542763985,291.5053601648505,208.26743473721066,0.05839824333684725
318.6,83.30626100254355,291.54404739629064,208.2377863937471,0.058392871552247455
318.8,83.37460974192561,291.58273462773076,208.20812488580515,0.05838749719384879
319.0,83.44297164006095,291.6214218591709,208.17845021910995,0.05838212026239573
319.2,83.51134669123057,291.660109090611,208.14876239938042,0.058376740758631585
319.4,83.57973488972154,291.6987963220511,208.1190614323296,0.0583713586832985
319.6,83.64813622982695,291.7374835534913,208.08934732366436,0.05836597403713739
319.8,83.71655070584593,291.7761707849314,208.0596200790855,0.058360586820887995
320.0,83.78497831208377,291.81485801637155,208.0298797042878,0.058355197035288846
320.2,83.85341904285158,291.85354524781167,208.00012620496008,0.05834980468107733
320.4,83.92187289246667,291.8922324792518,207.97035958678512,0.05834440975898966
320.6,83.99033985525229,291.9309197106919,207.94057985543964,0.05833901226976079
320.8,84.05881992553765,291.96960694213203,207.91078701659438,0.058333612214124586
321.0,84.12731309765798,292.00829417357215,207.88098107591418,0.05832820959281368
321.2,84.1958193659545,292.04698140501233,207.85116203905784,0.058322804406559556
321.4,84.2643387247744,292.08566863645245,207.82132991167805,0.05831739665609248
321.6,84.3328711684708,292.1243558678926,207.79148469942177,0.05831198634214161
321.8,84.40141669140274,292.1630430993327,207.76162640792995,0.05830657346543487
322.0,84.4699752879353,292.2017303307728,207.7317550428375,0.05830115802669906
322.2,84.53854695243935,292.24041756221294,207.7018706097736,0.0582957400266598
322.4,84.60713167929177,292.27910479365306,207.6719731143613,0.05829031946604153
322.6,84.67572946287537,292.31779202509324,207.64206256221786,0.05828489634556753
322.8,84.74434029757872,292.35647925653336,207.61213895895463,0.05827947066595992
323.0,84.81296417779642,292.3951664879735,207.58220231017708,0.05827404242793967
323.2,84.8816010979289,292.4338537194136,207.5522526214847,0.05826861163222657
323.4,84.95025105238241,292.4725409508537,207.5222898984713,0.058263178279539266
323.6,85.01891403556917,292.51122818229385,207.49231414672468,0.058257742370595236
323.8,85.08759004190709,292.54991541373397,207.46232537182686,0.05825230390611082
324.0,85.15627906582006,292.5886026451741,207.43232357935403,0.0582468628868012
324.2,85.22498110173774,292.62728987661427,207.40230877487653,0.05824141931338038
324.4,85.29369614409558,292.6659771080544,207.37228096395881,0.058235973186561256
324.6,85.36242418733494,292.7046643394945,207.34224015215958,0.05823052450705553
324.8,85.4311652259028,292.74335157093464,207.31218634503182,0.0582250732755738
325.0,85.49991925425215,292.78203880237476,207.2821195481226,0.0582196194928255
325.2,85.56868626684158,292.8207260338149,207.2520397669733,0.058214163159518925
325.4,85.63746625813553,292.859413265255,207.22194700711947,0.058208704276361205
325.6,85.70625922260426,292.8981004966952,207.1918412740909,0.05820324284405836
325.8,85.77506515472363,292.9367877281353,207.16172257341168,0.05819777886331526
326.0,85.84388404897537,292.9754749595754,207.13159091060004,0.058192312334835614
326.2,85.9127158998469,293.01416219101554,207.10144629116866,0.05818684325932205
326.4,85.98156070183133,293.05284942245567,207.07128872062435,0.05818137163747601
326.6,86.05041844942755,293.0915366538958,207.04111820446823,0.05817589746999783
326.8,86.11928913714011,293.1302238853359,207.01093474819578,0.05817042075758669
327.0,86.18817275947926,293.16891111677603,206.9807383572968,0.0581649415009407
327.2,86.25706931096093,293.2075983482162,206.95052903725528,0.05815945970075677
327.4,86.32597878610675,293.24628557965633,206.92030679354957,0.05815397535773069
327.6,86.39490117944405,293.28497281109645,206.8900716316524,0.05814848847255718
327.8,86.46383648550568,293.3236600425366,206.8598235570309,0.0581429990459298
328.0,86.53278469883028,293.3623472739767,206.8295625751464,0.058137507078541
328.2,86.6017458139621,293.4010345054168,206.7992886914547,0.058132012571082074
328.4,86.67071982545094,293.43972173685694,206.769001911406,0.058126515524243264
328.6,86.73970672785232,293.4784089682971,206.7387022404448,0.05812101593871363
328.8,86.80870651572734,293.51709619973724,206.7083896840099,0.05811551381518114
329.0,86.87771918364264,293.55578343117736,206.67806424753473,0.058110009154332676
329.2,86.94674472617055,293.5944706626175,206.64772593644693,0.05810450195685394
329.4,87.01578313788892,293.6331578940576,206.6173747561687,0.058098992223429596
329.6,87.08483441338122,293.6718451254977,206.58701071211652,0.05809347995474316
329.8,87.15389854723641,293.71053235693785,206.55663380970145,0.05808796515147706
330.0,87.22297553404907,293.74921958837797,206.5262440543289,0.05808244781431257
330.2,87.29206536841934,293.7879068198181,206.49584145139875,0.05807692794392991
330.4,87.36116804495285,293.8265940512582,206.46542600630536,0.058071405541008175
330.6,87.43028355826078,293.8652812826984,206.4349977244376,0.058065880606225376
330.8,87.49941190295985,293.9039685141385,206.40455661117866,0.05806035314025838
331.0,87.56855307367222,293.94265574557863,206.37410267190643,0.058054823143783005
331.2,87.63770706502565,293.98134297701876,206.3436359119931,0.058049290617473936
331.4,87.70687387165331,294.0200302084589,206.31315633680555,0.05804375556200479
331.6,87.77605348819395,294.05871743989906,206.2826639517051,0.05803821797804806
331.8,87.84524590929169,294.0974046713392,206.2521587620475,0.05803267786627517
332.0,87.91445112959615,294.1360919027793,206.22164077318314,0.05802713522735642
332.2,87.98366914376246,294.1747791342194,206.19110999045697,0.05802159006196105
332.4,88.05289994645112,294.21346636565954,206.1605664192084,0.058016042370757206
332.6,88.12214353232815,294.25215359709966,206.1300100647715,0.05801049215441194
332.8,88.19139989606495,294.2908408285398,206.09944093247483,0.058004939413591215
333.0,88.26066903233833,294.3295280599799,206.06885902764157,0.057999384148959915
333.2,88.32995093583054,294.36821529142003,206.0382643555895,0.057993826361181854
333.4,88.39924560122925,294.40690252286015,206.00765692163088,0.05798826605091973
333.6,88.46855302322754,294.44558975430033,205.9770367310728,0.05798270321883518
333.8,88.53787319652376,294.48427698574045,205.94640378921667,0.05797713786558877
334.0,88.60720611582177,294.5229642171806,205.9157581013588,0.057971569991839986
334.2,88.67655177583077,294.5616514486207,205.88509967278992,0.05796599959824722
334.4,88.74591017126528,294.6003386800608,205.85442850879554,0.05796042668546779
334.6,88.81528129684524,294.639025911501,205.82374461465577,0.057954851254157974
334.8,88.88466514729585,294.6777131429411,205.79304799564528,0.057949273304972945
335.0,88.95406171734766,294.71640037438124,205.76233865703358,0.05794369283856682
335.2,89.02347100173662,294.75508760582136,205.73161660408473,0.05793810985559264
335.4,89.09289299520397,294.7937748372615,205.70088184205753,0.057932524356702375
335.6,89.16232769249625,294.8324620687016,205.67013437620534,0.057926936342546934
335.8,89.23177508836523,294.8711493001417,205.6393742117765,0.05792134581377617
336.0,89.30123517756805,294.90983653158185,205.60860135401379,0.057915752771038866
336.2,89.37070795486719,294.94852376302197,205.57781580815478,0.05791015721498273
336.4,89.44019341503027,294.9872109944621,205.54701757943184,0.05790455914625443
336.6,89.50969155283028,295.02589822590227,205.516206673072,0.057898958565499564
336.8,89.57920236304543,295.0645854573424,205.48538309429696,0.057893355473362676
337.0,89.64872584045915,295.1032726887825,205.45454684832336,0.057887749870487226
337.2,89.71826197986017,295.14195992022263,205.42369794036244,0.05788214175751566
337.4,89.78781077604246,295.18064715166275,205.39283637562028,0.05787653113508935
337.6,89.85737222380519,295.21933438310293,205.36196215929775,0.05787091800384862
337.8,89.92694631795268,295.25802161454305,205.33107529659037,0.05786530236443274
338.0,89.99653305329457,295.2967088459832,205.3001757926886,0.05785968421747993
338.2,90.06613242464562,295.3353960774233,205.26926365277768,0.05785406356362735
338.4,90.13574442682587,295.3740833088634,205.23833888203757,0.05784844040351114
338.6,90.20536905466047,295.41277054030354,205.20740148564306,0.057842814737766354
338.8,90.27500630297972,295.45145777174366,205.17645146876396,0.05783718656702708
339.0,90.3446561666192,295.4901450031838,205.1454888365646,0.05783155589192624
339.2,90.41431864041951,295.5288322346239,205.1145135942044,0.057825922713095834
339.4,90.48399371922653,295.567519466064,205.0835257468375,0.057820287031166734
339.6,90.55368139789124,295.6062066975042,205.05252529961297,0.057814648846768846
339.8,90.62338167126967,295.6448939289443,205.02151225767466,0.05780900816053097
340.0,90.69309453422309,295.68358116038445,204.99048662616136,0.05780336497308092
340.2,90.76281998161784,295.72226839182457,204.95944841020673,0.05779771928504544
340.4,90.83255800832539,295.7609556232647,204.92839761493929,0.05779207109705027
340.6,90.9023086092223,295.7996428547048,204.8973342454825,0.057786420409720096
340.8,90.9720717791902,295.838330086145,204.8662583069548,0.057780767223678586
341.0,91.04184751311584,295.8770173175851,204.83516980446927,0.057775111539548354
341.2,91.11163580589104,295.91570454902524,204.8040687431342,0.05776945335795102
341.4,91.18143665241267,295.95439178046536,204.77295512805267,0.05776379267950714
341.6,91.25125004758273,295.9930790119055,204.74182896432274,0.05775812950483629
341.8,91.32107598630816,296.0317662433456,204.71069025703744,0.057752463834556976
342.0,91.39091446350105,296.0704534747857,204.67953901128467,0.057746795669286706
342.2,91.46076547407847,296.10914070622584,204.64837523214737,0.05774112500964196
342.4,91.53062901296255,296.14782793766597,204.61719892470342,0.05773545185623818
342.6,91.60050507508045,296.1865151691061,204.58601009402565,0.057729776209689804
342.8,91.67039365536428,296.22520240054627,204.554808745182,0.05772409807061028
343.0,91.74029474875124,296.2638896319864,204.52359488323515,0.05771841743961199
343.2,91.81020835018346,296.3025768634265,204.49236851324304,0.057712734317306315
343.4,91.8801344546081,296.34126409486663,204.46112964025855,0.05770704870430363
343.6,91.95007305697735,296.37995132630675,204.4298782693294,0.0577013606012133
343.8,92.02002415224824,296.41863855774693,204.39861440549868,0.057695670008643674
344.0,92.08998773538288,296.45732578918705,204.3673380538042,0.05768997692720208
344.2,92.1599638013483,296.4960130206272,204.3360492192789,0.05768428135749484
344.4,92.22995234511654,296.5347002520673,204.30474790695075,0.05767858330012727
344.6,92.29995336166448,296.5733874835074,204.27343412184294,0.05767288275570368
344.8,92.36996684597398,296.61207471494754,204.24210786897356,0.05766717972482739
345.0,92.43999279303189,296.65076194638766,204.21076915335578,0.05766147420810068
345.2,92.51003119782987,296.6894491778278,204.1794179799979,0.057655766206124864
345.4,92.58008205536461,296.7281364092679,204.1480543539033,0.05765005571950023
345.6,92.65014536063764,296.766823640708,204.1166782800704,0.05764434274882606
345.8,92.72022110865537,296.8055108721482,204.08528976349282,0.057638627294700664
346.0,92.79030929442912,296.8441981035883,204.05388880915922,0.05763290935772132
346.2,92.86040991297514,296.88288533502845,204.0224754220533,0.05762718893848434
346.4,92.93052295931449,296.92157256646857,203.99104960715408,0.057621466037585015
346.6,93.00064842847314,296.9602597979087,203.95961136943555,0.057615740655617656
346.8,93.07078631548188,296.99894702934887,203.928160713867,0.05761001279317558
347.0,93.1409366153764,297.037634260789,203.8966976454126,0.05760428245085111
347.2,93.21109932319719,297.0763214922291,203.86522216903194,0.057598549629235565
347.4,93.28127443398961,297.11500872366923,203.83373428967963,0.0575928143289193
347.6,93.35146194280387,297.15369595510936,203.8022340123055,0.05758707655049163
347.8,93.42166184469491,297.1923831865495,203.77072134185457,0.057581336294540965
348.0,93.49187413472256,297.2310704179896,203.73919628326703,0.05757559356165466
348.2,93.56209880795147,297.2697576494297,203.70765884147823,0.05756984835241911
348.4,93.63233585945106,297.30844488086984,203.67610902141877,0.05756410066741972
348.6,93.70258528429555,297.34713211230996,203.64454682801443,0.05755835050724092
348.8,93.77284707756391,297.38581934375014,203.61297226618623,0.05755259787246614
349.0,93.84312123433996,297.42450657519026,203.58138534085032,0.05754684276367787
349.2,93.9134077497122,297.4631938066304,203.54978605691818,0.057541085181457556
349.4,93.983706618774,297.5018810380705,203.5181744192965,0.057535325126385733
349.6,94.05401783662342,297.54056826951063,203.4865504328872,0.057529562599041906
349.8,94.12434139836324,297.5792555009508,203.45491410258757,0.057523797600004666
350.0,94.19467729910103,297.61794273239093,203.42326543328988,0.05751803012985156
350.2,94.2650255339491,297.65662996383105,203.39160442988197,0.0575122601891592
350.4,94.33538609802446,297.6953171952712,203.35993109724672,0.057506487778503215
350.6,94.40575898644889,297.7340044267113,203.3282454402624,0.05750071289845826
350.8,94.47614419434875,297.7726916581514,203.29654746380265,0.05749493554959806
351.0,94.54654171685527,297.81137888959154,203.26483717273626,0.0574891557324953
351.2,94.6169515491043,297.85006612103166,203.23311457192736,0.05748337344772175
351.4,94.68737368623636,297.8887533524718,203.20137966623543,0.05747758869584821
351.6,94.75780812339669,297.9274405839119,203.16963246051523,0.057471801477444476
351.8,94.82825485573518,297.9661278153521,203.1378729596169,0.05746601179307944
352.0,94.8987138784064,298.0048150467922,203.1061011683858,0.057460219643320966
352.2,94.9691851865696,298.0435022782323,203.07431709166272,0.057454425028736
352.4,95.03966877538866,298.08218950967245,203.04252073428378,0.05744862794989054
352.6,95.11016464003215,298.12087674111257,203.0107121010804,0.05744282840734956
352.8,95.18067277567322,298.1595639725527,202.9788911968795,0.05743702640167714
353.0,95.25119317748964,298.1982512039928,202.94705802650316,0.05743122193343635
353.2,95.3217258406639,298.236938435433,202.9152125947691,0.05742541500318937
353.4,95.39227076038303,298.2756256668731,202.88335490649007,0.057419605611497365
353.6,95.46282793183873,298.31431289831323,202.85148496647452,0.05741379375892057
353.8,95.53339735022725,298.35300012975335,202.81960277952612,0.05740797944601825
354.0,95.60397901074944,298.3916873611935,202.78770835044403,0.05740216267334875
354.2,95.67457290861078,298.4303745926336,202.7558016840228,0.05739634344146944
354.4,95.74517903902134,298.4690618240737,202.72388278505238,0.05739052175093676
354.6,95.81579739719574,298.50774905551384,202.6919516583181,0.05738469760230615
354.8,95.88642797835313,298.54643628695396,202.66000830860082,0.057378870996132175
355.0,95.95707077771729,298.5851235183941,202.6280527406768,0.05737304193296842
355.2,96.02772579051656,298.62381074983426,202.5960849593177,0.05736721041336751
355.4,96.09839301198377,298.6624979812744,202.5641049692906,0.05736137643788114
355.6,96.16907243735635,298.7011852127145,202.53211277535814,0.057355540007060064
355.8,96.23976406187623,298.7398724441546,202.5001083822784,0.05734970112145409
356.0,96.31046788078986,298.77855967559475,202.46809179480488,0.057343859781612105
356.2,96.38118388934826,298.8172469070349,202.43606301768665,0.057338015988082025
356.4,96.45191208280691,298.85593413847505,202.40402205566812,0.057332169741410824
356.6,96.5226524564259,298.89462136991517,202.37196891348927,0.05732632104214458
356.8,96.59340500546963,298.9333086013553,202.33990359588566,0.05732046989082838
357.0,96.6641697252072,298.9719958327954,202.3078261075882,0.05731461628800644
357.2,96.7349466109121,299.01068306423554,202.27573645332342,0.05730876023422197
357.4,96.80573565786227,299.04937029567566,202.2436346378134,0.057302901730017314
357.6,96.8765368613402,299.0880575271158,202.2115206657756,0.057297040775933845
357.8,96.94735021663281,299.1267447585559,202.1793945419231,0.05729117737251198
358.0,97.01817571903146,299.165431989996,202.14725627096456,0.05728531152029129
358.2,97.08901336383201,299.2041192214362,202.1151058576042,0.057279443219810336
358.4,97.15986314633474,299.2428064528763,202.08294330654158,0.05727357247160677
358.6,97.2307250618444,299.28149368431644,202.05076862247205,0.05726769927621733
358.8,97.30159910567009,299.32018091575657,202.01858181008646,0.05726182363417784
359.0,97.37248527312545,299.3588681471967,201.98638287407124,0.05725594554602318
359.2,97.44338355952848,299.39755537863687,201.95417181910838,0.05725006501228731
359.4,97.5142939602016,299.436242610077,201.9219486498754,0.057244182033503246
359.6,97.58521647047164,299.4749298415171,201.88971337104547,0.05723829661020312
359.8,97.65615108566983,299.51361707295723,201.8574659872874,0.05723240874291813
360.0,97.72709780113178,299.55230430439735,201.82520650326558,0.05722651843217853
360.2,97.79805661219753,299.5909915358375,201.79293492363996,0.0572206256785137
360.4,97.86902751421147,299.6296787672776,201.76065125306613,0.05721473048245205
360.6,97.94001050252238,299.6683659987177,201.72835549619532,0.05720883284452112
360.8,98.01100557248338,299.70705323015784,201.69604765767446,0.057202932765247516
361.0,98.08201271945197,299.74574046159796,201.663727742146,0.05719703024515692
361.2,98.15303193879001,299.78442769303814,201.63139575424813,0.057191125284774116
361.4,98.22406322586372,299.82311492447826,201.59905169861455,0.057185217884622955
361.6,98.29510657604362,299.8618021559184,201.56669557987476,0.05717930804522639
361.8,98.36616198470462,299.9004893873585,201.5343274026539,0.05717339576710648
362.0,98.43722944722589,299.9391766187986,201.50194717157274,0.057167481050784334
362.2,98.508308958991,299.9778638502388,201.4695548912478,0.05716156389678021
362.4,98.57940051538777,300.0165510816789,201.43715056629117,0.05715564430561338
362.6,98.65050411180843,300.05523831311905,201.40473420131062,0.05714972227780227
362.8,98.72161974364937,300.09392554455917,201.3723058009098,0.05714379781386439
363.0,98.79274740631135,300.1326127759993,201.33986536968794,0.057137870914316345
363.2,98.86388709519947,300.1713000074394,201.30741291223995,0.05713194157967381
363.4,98.93503880572305,300.20998723887953,201.27494843315648,0.05712600981045158
363.6,99.0062025332957,300.24867447031966,201.24247193702394,0.05712007560716356
363.8,99.0773782733353,300.2873617017598,201.2099834284245,0.057114138970322734
364.0,99.14856602126402,300.3260489331999,201.1774829119359,0.05710819990044118
364.2,99.21976577250824,300.3647361646401,201.14497039213182,0.05710225839803011
364.4,99.29097752249865,300.4034233960802,201.11244587358155,0.0570963144635998
364.6,99.36220126667018,300.4421106275203,201.07990936085014,0.057090368097659654
364.8,99.43343700046192,300.48079785896044,201.0473608584985,0.05708441930071817
365.0,99.50468471931728,300.51948509040056,201.01480037108328,0.057078468073282956
365.2,99.57594441868389,300.5581723218407,200.9822279031568,0.05707251441586073
365.4,99.6472160940136,300.5968595532808,200.9496434592672,0.057066558328957295
365.6,99.71849974076243,300.635546784721,200.91704704395858,0.05706059981307761
365.8,99.78979535439062,300.6742340161611,200.8844386617705,0.057054638868725666
366.0,99.86110293036268,300.71292124760123,200.85181831723855,0.05704867549640463
366.2,99.93242246414721,300.75160847904135,200.81918601489414,0.057042709696616775
366.4,100.0037539512171,300.7902957104815,200.78654175926437,0.05703674146986344
366.6,100.07509738704941,300.8289829419216,200.75388555487217,0.05703077081664513
366.8,100.14645276712528,300.8676701733617,200.72121740623643,0.05702479773746144
367.0,100.21782008693015,300.90635740480184,200.6885373178717,0.05701882223281106
367.2,100.28919934195352,300.94504463624196,200.65584529428844,0.05701284430319183
367.4,100.36059052768915,300.9837318676821,200.6231413399929,0.05700686394910069
367.6,100.43199363963488,301.02241909912226,200.5904254594874,0.05700088117103372
367.8,100.50340867329271,301.0611063305624,200.55769765726967,0.05699489596948606
368.0,100.5748356241688,301.0997935620025,200.5249579378337,0.056988908344952016
368.2,100.64627448777344,301.1384807934426,200.49220630566919,0.056982918297925025
368.4,100.71772525962105,301.17716802488275,200.4594427652617,0.05697692582889762
368.6,100.78918793523019,301.2158552563229,200.42666732109274,0.05697093093836146
368.8,100.86066251012346,301.25454248776305,200.39387997763959,0.05696493362680731
369.0,100.93214897982767,301.29322971920317,200.3610807393755,0.0569589338947251
369.2,101.0036473398737,301.3319169506433,200.3282696107696,0.056952931742603866
369.4,101.07515758579652,301.3706041820834,200.2954465962869,0.05694692717093175
369.6,101.14667971313519,301.40929141352353,200.26261170038833,0.056940920180196045
369.8,101.21821371743285,301.44797864496365,200.22976492753082,0.05693491077088318
370.0,101.28975959423677,301.4866658764038,200.196906282167,0.05692889894347867
370.2,101.36131733909824,301.5253531078439,200.16403576874566,0.056922884698467194
370.4,101.43288694757263,301.564040339284,200.1311533917114,0.05691686803633258
370.6,101.50446841521943,301.6027275707242,200.09825915550476,0.05691084895755773
370.8,101.5760617376021,301.6414148021643,200.0653530645622,0.056904827462624714
371.0,101.64766691028821,301.68010203360444,200.03243512331625,0.05689880355201474
371.2,101.71928392884936,301.71878926504456,199.9995053361952,0.05689277722620814
371.4,101.79091278886122,301.7574764964847,199.96656370762346,0.05688674848568436
371.6,101.86255348590343,301.79616372792486,199.93361024202142,0.05688071733092203
371.8,101.9342060155597,301.834850959365,199.90064494380528,0.056874683762398875
372.0,102.00587037341775,301.8735381908051,199.86766781738737,0.05686864778059179
372.2,102.07754655506935,301.9122254222452,199.83467886717588,0.05686260938597676
372.4,102.14923455611022,301.95091265368535,199.80167809757512,0.05685656857902896
372.6,102.22093437214016,301.9895998851255,199.7686655129853,0.05685052536022268
372.8,102.29264599876291,302.0282871165656,199.7356411178027,0.05684447973003136
373.0,102.3643694315862,302.0669743480057,199.70260491641952,0.05683843168892758
373.2,102.4361046662218,302.10566157944584,199.66955691322403,0.056832381237383045
373.4,102.50785169828544,302.14434881088596,199.63649711260052,0.05682632837586864
373.6,102.5796105233968,302.18303604232614,199.60342551892933,0.056820273104854366
373.8,102.65138113717953,302.22172327376626,199.57034213658673,0.056814215424809376
374.0,102.7231635352613,302.2604105052064,199.53724696994507,0.05680815533620197
374.2,102.79495771327372,302.2990977366465,199.50414002337277,0.05680209283949959
374.4,102.86676366685226,302.3377849680866,199.47102130123437,0.056796027935168844
374.6,102.93858139163652,302.3764721995268,199.43789080789028,0.05678996062367547
374.8,103.01041088326984,302.4151594309669,199.40474854769707,0.05678389090548437
375.0,103.08225213739965,302.45384666240705,199.3715945250074,0.056777818781059586
375.2,103.15410514967722,302.49253389384717,199.33842874416996,0.0567717442508643
375.4,103.22596991575782,302.5312211252873,199.30525120952947,0.056765667315360875
375.6,103.2978464313006,302.5699083567274,199.2720619254268,0.05675958797501081
375.8,103.36973469196857,302.60859558816753,199.23886089619896,0.05675350623027477
376.0,103.44163469342874,302.64728281960765,199.20564812617891,0.05674742208161255
376.2,103.51354643135197,302.6859700510478,199.1724236196958,0.05674133552948312
376.4,103.58546990141305,302.7246572824879,199.13918738107486,0.05673524657434462
376.6,103.65740509929063,302.7633445139281,199.10593941463745,0.056729155216654316
376.8,103.72935202066725,302.8020317453682,199.07267972470095,0.056723061456868645
377.0,103.80131066122937,302.8407189768083,199.03940831557895,0.056716965295443206
377.2,103.87328101666724,302.87940620824844,199.0061251915812,0.05671086673283275
377.4,103.94526308267505,302.91809343968856,198.9728303570135,0.05670476576949121
377.6,104.01725685495093,302.95678067112874,198.93952381617783,0.056698662405871667
377.8,104.08926232919663,302.99546790256886,198.90620557337223,0.05669255664242635
378.0,104.16127950111797,303.034155134009,198.872875632891,0.05668644847960666
378.2,104.23330836642457,303.0728423654491,198.83953399902452,0.05668033791786318
378.4,104.30534892082981,303.1115295968892,198.8061806760594,0.05667422495764564
378.6,104.37740116005102,303.15021682832935,198.77281566827833,0.056668109599402924
378.8,104.44946507980926,303.18890405976947,198.7394389799602,0.056661991843583115
379.0,104.52154067582947,303.2275912912096,198.70605061538012,0.05665587169063345
379.2,104.5936279438404,303.2662785226497,198.6726505788093,0.05664974914100032
379.4,104.66572687957462,303.30496575408984,198.63923887451523,0.056643624195129305
379.6,104.73783747876854,303.34365298553,198.60581550676147,0.05663749685346513
379.8,104.80995973716227,303.38234021697014,198.57238047980786,0.05663136711645171
380.0,104.8820936504998,303.42102744841026,198.53893379791046,0.05662523498453212
380.2,104.95423921452895,303.4597146798504,198.5054754653214,0.05661910045814862
380.4,105.02639642500121,303.4984019112905,198.47200548628928,0.05661296353774265
380.6,105.09856527767197,303.5370891427307,198.4385238650587,0.056606824223754806
380.8,105.17074576830032,303.5757763741708,198.40503060587048,0.05660068251662484
381.0,105.24293789264914,303.6144636056109,198.37152571296178,0.05659453841679171
381.2,105.3151416464851,303.65315083705104,198.33800919056594,0.056588391924693546
381.4,105.38735702557861,303.69183806849117,198.30448104291256,0.05658224304076766
381.6,105.45958402570386,303.7305252999313,198.27094127422743,0.056576091765450504
381.8,105.53182264263872,303.7692125313714,198.2373898887327,0.05656993809917778
382.0,105.60407287216489,303.80789976281153,198.20382689064664,0.056563782042384284
382.2,105.67633471006778,303.84658699425165,198.17025228418387,0.05655762359550405
382.4,105.74860815213648,303.8852742256918,198.1366660735553,0.056551462758970286
382.6,105.82089319416394,303.92396145713195,198.103068262968,0.056545299533215354
382.8,105.8931898319467,303.9626486885721,198.06945885662537,0.056539133918670825
383.0,105.96549806128506,304.0013359200122,198.03583785872712,0.05653296591576744
383.2,106.03781787798306,304.0400231514523,198.00220527346926,0.05652679552493514
383.4,106.11014927784844,304.07871038289244,197.968561105044,0.05652062274660302
383.6,106.18249225669265,304.1173976143326,197.93490535763996,0.05651444758119939
383.8,106.25484681033078,304.15608484577274,197.90123803544196,0.05650827002915174
384.0,106.32721293458168,304.19477207721286,197.8675591426312,0.05650209009088673
384.2,106.39959062526788,304.233459308653,197.8338686833851,0.05649590776683022
384.4,106.47197987821554,304.2721465400931,197.80016666187757,0.056489723057407265
384.6,106.54438068925455,304.3108337715332,197.76645308227867,0.05648353596304209
384.8,106.61679305421848,304.34952100297335,197.73272794875487,0.056477346484158135
385.0,106.68921696894448,304.38820823441347,197.69899126546898,0.056471154621178014
385.2,106.76165242927347,304.4268954658536,197.66524303658014,0.05646496037452355
385.4,106.83409943104998,304.4655826972937,197.63148326624372,0.05645876374461571
385.6,106.90655797012221,304.5042699287339,197.59771195861168,0.05645256473187472
385.8,106.97902804234192,304.542957160174,197.5639291178321,0.05644636333671995
386.0,107.05150964356463,304.58164439161413,197.5301347480495,0.056440159559569984
386.2,107.12400276964945,304.62033162305426,197.4963288534048,0.05643395340084259
386.4,107.19650741645907,304.6590188544944,197.4625114380353,0.056427744860954775
386.6,107.2690235798599,304.69770608593456,197.42868250607467,0.05642153394032269
386.8,107.34155125572191,304.7363933173747,197.39484206165275,0.05641532063936168
387.0,107.41409043991868,304.7750805488148,197.36099010889612,0.056409104958486334
387.2,107.48664112832745,304.8137677802549,197.32712665192747,0.05640288689811042
387.4,107.559203316829,304.85245501169504,197.29325169486606,0.056396666458646896
387.6,107.63177700130781,304.89114224313516,197.25936524182737,0.0563904436405079
387.8,107.70436217765182,304.9298294745753,197.22546729692345,0.05638421844410482
388.0,107.77695884175266,304.9685167060154,197.19155786426273,0.056377990869848245
388.2,107.84956698950553,305.00720393745553,197.15763694794998,0.05637176091814791
388.4,107.9221866168092,305.04589116889565,197.12370455208645,0.056365528589412794
388.6,107.99481771956603,305.08457840033583,197.0897606807698,0.05635929388405109
388.8,108.0674602936819,305.12326563177595,197.05580533809405,0.05635305680247016
389.0,108.14011433506633,305.1619528632161,197.02183852814974,0.05634681734507658
389.2,108.21277983963233,305.2006400946562,196.98786025502386,0.05634057551227617
389.4,108.28545680329653,305.2393273260963,196.95387052279978,0.056334331304473906
389.6,108.3581452219791,305.27801455753644,196.91986933555734,0.056328084722074005
389.8,108.43084509160367,305.31670178897656,196.8858566973729,0.05632183576547989
390.0,108.50355640809752,305.35538902041674,196.8518326123192,0.056315584435094185
390.2,108.57627916739145,305.39407625185686,196.8177970844654,0.056309330731318684
390.4,108.64901336541975,305.432763483297,196.78375011787722,0.056303074654554475
390.6,108.72175899812025,305.4714507147371,196.74969171661684,0.056296816205201786
390.8,108.7945160614343,305.5101379461772,196.71562188474292,0.056290555383660096
391.0,108.8672845513068,305.54882517761735,196.68154062631055,0.05628429219032807
391.2,108.9400644636861,305.58751240905747,196.64744794537137,0.05627802662560362
391.4,109.01285579452411,305.6261996404976,196.61334384597347,0.05627175868988382
391.6,109.08565853977626,305.6648868719377,196.57922833216145,0.056265488383565015
391.8,109.1584726954014,305.70357410337783,196.54510140797643,0.05625921570704274
392.0,109.23129825736191,305.742261334818,196.5109630774561,0.05625294066071174
392.2,109.30413522162371,305.78094856625813,196.47681334463442,0.05624666324496596
392.4,109.37698358415615,305.81963579769825,196.4426522135421,0.056240383460198606
392.6,109.44984334093205,305.8583230291384,196.40847968820634,0.05623410130680208
392.8,109.52271448792771,305.8970102605785,196.37429577265078,0.05622781678516799
393.0,109.59559702112294,305.9356974920187,196.34010047089572,0.0562215298956872
393.2,109.66849093650096,305.9743847234588,196.30589378695782,0.05621524063874973
393.4,109.7413962300485,306.0130719548989,196.2716757248504,0.056208949014744894
393.6,109.81431289775571,306.05175918633904,196.23744628858333,0.056202655024061174
393.8,109.88724093561618,306.09044641777916,196.20320548216299,0.056196358667086305
394.0,109.96018033962697,306.1291336492193,196.16895330959233,0.056190059944207234
394.2,110.03313110578858,306.1678208806594,196.13468977487082,0.05618375885581012
394.4,110.10609323010497,306.2065081120995,196.10041488199454,0.05617745540228035
394.6,110.17906670858348,306.24519534353965,196.06612863495616,0.05617114958400256
394.8,110.25205153723486,306.28388257497977,196.0318310377449,0.05616484140136058
395.0,110.3250477120734,306.32256980641995,195.99752209434655,0.05615853085473749
395.2,110.39805522911665,306.36125703786007,195.9632018087434,0.05615221794451557
395.4,110.47107408438569,306.3999442693002,195.9288701849145,0.056145902671076345
395.6,110.54410427390499,306.4386315007403,195.89452722683532,0.05613958503480057
395.8,110.61714579370236,306.47731873218044,195.86017293847806,0.05613326503606823
396.0,110.69019863980907,306.5160059636206,195.82580732381155,0.05612694267525853
396.2,110.76326280825975,306.55469319506074,195.79143038680098,0.056120617952749904
396.4,110.83633829509246,306.59338042650086,195.7570421314084,0.05611429086892
396.6,110.90942509634861,306.632067657941,195.72264256159235,0.056107961424145744
396.8,110.98252320807298,306.6707548893811,195.68823168130814,0.056101629618803286
397.0,111.05563262631378,306.7094421208212,195.65380949450744,0.05609529545326794
397.2,111.12875334712251,306.74812935226134,195.61937600513883,0.05608895892791433
397.4,111.2018853665541,306.78681658370147,195.58493121714736,0.05608262004311629
397.6,111.27502868066688,306.8255038151416,195.5504751344747,0.05607627879924687
397.8,111.34818328552238,306.8641910465817,195.5160077610593,0.05606993519667838
398.0,111.42134917718565,306.9028782780219,195.48152910083624,0.05606358923578238
398.2,111.49452635172501,306.941565509462,195.44703915773698,0.05605724091692958
398.4,111.56771480521215,306.98025274090213,195.41253793568998,0.05605089024049005
398.6,111.64091453372208,307.01893997234225,195.37802543862017,0.05604453720683299
398.8,111.71412553333312,307.0576272037824,195.34350167044926,0.0560381818163269
399.0,111.78734780012698,307.09631443522255,195.30896663509557,0.05603182406933953
399.2,111.86058133018865,307.1350016666627,195.274420336474,0.056025463966237796
399.4,111.93382611960648,307.1736888981028,195.23986277849633,0.05601910150738794
399.6,112.00708216447211,307.2123761295429,195.2052939650708,0.056012736693155374
399.8,112.08034946088046,307.25106336098304,195.17071390010258,0.056006369523904795
400.0,112.15362800492983,307.28975059242316,195.13612258749333,0.05600000000000013
